date,draw_id,n1,n2,n3,n4,n5,n6
20/07/2016,00001,02,17,33,37,38,45
22/07/2016,00002,03,04,14,20,25,35
24/07/2016,00003,01,10,16,18,23,38
27/07/2016,00004,14,17,21,25,31,37
29/07/2016,00005,03,08,13,20,30,36
31/07/2016,00006,02,06,19,21,35,39
03/08/2016,00007,07,10,25,27,29,40
05/08/2016,00008,03,09,13,18,24,31
07/08/2016,00009,03,05,17,22,30,31
10/08/2016,00010,06,15,16,19,27,30
12/08/2016,00011,28,31,34,37,38,41
14/08/2016,00012,13,16,17,29,31,37
17/08/2016,00013,02,04,09,19,21,26
19/08/2016,00014,11,12,17,33,34,36
21/08/2016,00015,13,21,24,25,29,44
24/08/2016,00016,08,17,21,23,36,40
26/08/2016,00017,10,36,39,43,44,45
28/08/2016,00018,04,06,10,15,16,44
31/08/2016,00019,08,20,21,31,34,39
02/09/2016,00020,09,13,24,35,36,41
04/09/2016,00021,11,15,20,24,27,45
07/09/2016,00022,06,08,12,13,15,19
09/09/2016,00023,07,13,16,18,31,32
11/09/2016,00024,06,09,10,18,20,31
14/09/2016,00025,02,11,14,23,25,32
16/09/2016,00026,04,05,06,23,31,34
18/09/2016,00027,07,10,17,20,25,32
21/09/2016,00028,05,12,15,30,37,41
23/09/2016,00029,08,14,19,29,30,40
25/09/2016,00030,01,20,28,32,42,44
28/09/2016,00031,03,06,17,21,32,40
30/09/2016,00032,06,20,30,38,40,45
02/10/2016,00033,16,23,27,34,35,38
05/10/2016,00034,05,06,19,31,42,44
07/10/2016,00035,24,25,27,34,44,45
09/10/2016,00036,02,15,20,32,33,44
12/10/2016,00037,02,08,15,16,19,25
14/10/2016,00038,03,07,09,18,28,39
16/10/2016,00039,05,21,31,33,38,42
19/10/2016,00040,02,13,15,17,18,41
21/10/2016,00041,16,17,30,32,34,38
23/10/2016,00042,02,05,12,21,22,40
26/10/2016,00043,01,08,16,18,21,28
28/10/2016,00044,10,11,13,14,16,38
30/10/2016,00045,07,12,25,28,40,44
02/11/2016,00046,03,05,08,10,13,22
04/11/2016,00047,05,13,22,24,28,32
06/11/2016,00048,04,15,16,20,26,41
09/11/2016,00049,02,10,14,24,25,30
11/11/2016,00050,10,17,22,23,30,36
13/11/2016,00051,11,23,25,34,36,45
16/11/2016,00052,01,09,17,28,43,44
18/11/2016,00053,11,12,16,24,26,31
20/11/2016,00054,09,23,33,38,41,42
23/11/2016,00055,02,22,23,24,28,37
25/11/2016,00056,03,04,25,31,37,40
27/11/2016,00057,12,16,17,18,22,30
30/11/2016,00058,06,15,17,20,23,41
02/12/2016,00059,17,26,33,34,37,42
04/12/2016,00060,03,05,13,27,38,44
07/12/2016,00061,13,23,27,28,32,45
09/12/2016,00062,11,12,15,17,21,26
11/12/2016,00063,02,03,04,05,22,24
14/12/2016,00064,05,06,12,16,26,30
16/12/2016,00065,05,08,33,34,39,44
18/12/2016,00066,03,07,30,32,41,43
21/12/2016,00067,03,06,12,14,18,40
23/12/2016,00068,01,17,24,25,37,43
25/12/2016,00069,05,12,20,29,34,36
28/12/2016,00070,02,22,25,33,38,43
30/12/2016,00071,07,23,27,29,35,37
01/01/2017,00072,09,18,24,33,36,39
04/01/2017,00073,04,19,25,27,29,31
06/01/2017,00074,22,30,34,36,43,45
08/01/2017,00075,12,18,29,32,39,45
11/01/2017,00076,02,08,21,29,37,45
13/01/2017,00077,12,24,29,32,37,39
15/01/2017,00078,05,25,27,29,31,43
18/01/2017,00079,11,22,26,28,35,43
20/01/2017,00080,01,11,31,32,34,37
22/01/2017,00081,01,20,21,22,26,29
25/01/2017,00082,06,09,14,18,28,30
29/01/2017,00083,05,13,21,27,29,45
01/02/2017,00084,02,10,11,18,22,33
03/02/2017,00085,08,17,31,32,33,39
05/02/2017,00086,01,11,26,29,34,40
08/02/2017,00087,15,26,29,32,34,38
10/02/2017,00088,02,06,10,13,20,28
12/02/2017,00089,04,06,12,21,23,28
15/02/2017,00090,04,16,19,27,29,30
17/02/2017,00091,12,15,25,27,37,41
19/02/2017,00092,01,17,24,25,33,35
22/02/2017,00093,01,03,08,18,28,42
24/02/2017,00094,02,04,19,23,44,45
26/02/2017,00095,07,11,16,19,38,39
01/03/2017,00096,03,04,26,30,35,44
03/03/2017,00097,02,04,13,22,23,41
05/03/2017,00098,18,21,24,26,39,45
08/03/2017,00099,05,11,14,20,32,42
10/03/2017,00100,04,09,21,27,38,44
12/03/2017,00101,06,11,30,32,35,42
15/03/2017,00102,03,09,10,31,32,40
17/03/2017,00103,07,12,24,43,44,45
19/03/2017,00104,01,02,06,12,31,36
22/03/2017,00105,01,09,24,28,33,36
24/03/2017,00106,10,14,30,32,37,42
26/03/2017,00107,06,12,23,25,29,43
29/03/2017,00108,04,05,24,26,28,37
31/03/2017,00109,01,04,05,11,20,30
02/04/2017,00110,03,05,07,12,27,33
05/04/2017,00111,13,14,20,21,23,33
07/04/2017,00112,04,05,16,17,32,40
09/04/2017,00113,05,08,21,25,26,37
12/04/2017,00114,02,03,08,13,19,41
14/04/2017,00115,04,05,10,33,36,38
16/04/2017,00116,06,07,18,29,32,44
19/04/2017,00117,19,20,32,33,38,44
21/04/2017,00118,07,08,15,30,32,39
23/04/2017,00119,13,17,22,30,31,43
26/04/2017,00120,14,16,17,20,35,39
28/04/2017,00121,02,09,11,12,15,23
30/04/2017,00122,02,06,08,11,12,25
03/05/2017,00123,03,19,20,21,25,45
05/05/2017,00124,04,09,12,32,36,43
07/05/2017,00125,01,07,28,32,44,45
10/05/2017,00126,07,17,21,29,40,44
12/05/2017,00127,01,27,35,42,43,45
14/05/2017,00128,13,15,17,21,25,40
17/05/2017,00129,07,08,11,18,23,42
19/05/2017,00130,01,08,18,28,30,33
21/05/2017,00131,11,14,17,22,27,42
24/05/2017,00132,08,20,25,27,30,33
26/05/2017,00133,06,08,25,39,40,45
28/05/2017,00134,02,07,17,24,31,44
31/05/2017,00135,07,13,16,30,37,44
02/06/2017,00136,05,13,16,32,39,41
04/06/2017,00137,01,09,23,32,34,35
07/06/2017,00138,05,06,13,29,35,44
09/06/2017,00139,07,15,19,24,32,42
11/06/2017,00140,05,06,11,14,32,33
14/06/2017,00141,05,08,15,25,31,35
16/06/2017,00142,06,10,17,21,27,38
18/06/2017,00143,02,08,12,14,16,26
21/06/2017,00144,09,26,29,30,35,37
23/06/2017,00145,09,10,21,37,40,42
25/06/2017,00146,03,14,33,38,42,44
28/06/2017,00147,02,06,21,28,39,40
30/06/2017,00148,01,07,10,38,40,42
02/07/2017,00149,01,05,07,16,19,44
05/07/2017,00150,01,04,16,31,37,40
07/07/2017,00151,04,19,22,30,34,35
09/07/2017,00152,01,09,14,18,25,28
12/07/2017,00153,05,09,14,15,26,42
14/07/2017,00154,02,13,19,24,25,33
16/07/2017,00155,02,10,27,29,37,39
19/07/2017,00156,04,07,13,20,35,44
21/07/2017,00157,05,06,09,15,19,32
23/07/2017,00158,07,09,13,21,28,39
26/07/2017,00159,09,26,27,30,40,44
28/07/2017,00160,01,04,09,26,35,39
30/07/2017,00161,08,17,24,35,41,44
02/08/2017,00162,07,10,17,26,28,43
04/08/2017,00163,03,12,13,23,26,37
06/08/2017,00164,02,09,10,11,21,43
09/08/2017,00165,11,19,22,24,25,31
11/08/2017,00166,01,12,19,35,36,41
13/08/2017,00167,01,03,06,07,16,18
16/08/2017,00168,06,11,15,19,22,41
18/08/2017,00169,03,04,18,22,34,37
20/08/2017,00170,05,15,18,21,37,45
23/08/2017,00171,06,25,27,34,42,43
25/08/2017,00172,02,07,12,27,40,44
27/08/2017,00173,03,07,16,32,36,39
30/08/2017,00174,05,08,11,28,35,41
01/09/2017,00175,09,10,13,19,23,41
03/09/2017,00176,05,06,26,28,35,43
06/09/2017,00177,05,20,24,32,36,42
08/09/2017,00178,02,15,17,32,41,44
10/09/2017,00179,01,22,23,35,36,42
13/09/2017,00180,03,08,19,35,38,40
15/09/2017,00181,03,24,35,37,40,43
17/09/2017,00182,06,11,15,16,37,40
20/09/2017,00183,05,07,13,17,23,33
22/09/2017,00184,05,16,21,31,37,41
24/09/2017,00185,04,10,11,31,36,39
27/09/2017,00186,10,19,33,34,35,45
29/09/2017,00187,23,28,30,35,37,42
01/10/2017,00188,08,23,27,36,37,43
04/10/2017,00189,04,05,09,19,37,44
06/10/2017,00190,04,06,18,20,30,45
08/10/2017,00191,08,16,24,27,35,39
11/10/2017,00192,04,11,14,15,19,26
13/10/2017,00193,10,13,20,21,25,36
15/10/2017,00194,02,09,14,21,35,40
18/10/2017,00195,16,24,32,36,37,40
20/10/2017,00196,02,18,25,33,36,42
22/10/2017,00197,08,14,16,17,31,42
25/10/2017,00198,12,17,23,25,34,38
27/10/2017,00199,04,10,13,21,22,38
29/10/2017,00200,01,05,28,31,44,45
01/11/2017,00201,04,12,25,39,42,44
03/11/2017,00202,07,17,20,22,29,44
05/11/2017,00203,03,17,38,39,41,44
08/11/2017,00204,01,18,23,24,40,41
10/11/2017,00205,01,04,19,21,24,35
12/11/2017,00206,22,26,37,40,42,44
15/11/2017,00207,01,09,15,27,33,43
17/11/2017,00208,11,13,18,19,31,45
19/11/2017,00209,14,20,30,33,41,43
22/11/2017,00210,05,06,09,23,27,35
24/11/2017,00211,14,24,32,34,36,45
26/11/2017,00212,04,12,17,19,23,34
29/11/2017,00213,19,23,26,37,38,41
01/12/2017,00214,10,19,30,35,39,45
03/12/2017,00215,08,09,15,18,27,30
06/12/2017,00216,03,07,29,31,34,43
08/12/2017,00217,02,11,15,32,40,44
10/12/2017,00218,27,36,39,43,44,45
13/12/2017,00219,04,07,19,24,32,38
15/12/2017,00220,13,14,17,24,28,43
17/12/2017,00221,04,07,16,27,40,41
20/12/2017,00222,03,08,25,37,40,42
22/12/2017,00223,09,13,17,22,26,33
24/12/2017,00224,01,05,09,14,30,31
27/12/2017,00225,09,13,19,21,27,30
29/12/2017,00226,02,08,17,20,29,39
31/12/2017,00227,03,13,14,26,30,34
03/01/2018,00228,08,14,19,30,33,35
05/01/2018,00229,19,30,34,38,42,44
07/01/2018,00230,04,06,11,13,24,31
10/01/2018,00231,06,18,21,22,37,45
12/01/2018,00232,04,08,17,23,27,34
14/01/2018,00233,01,06,10,29,32,41
17/01/2018,00234,09,10,12,22,27,41
19/01/2018,00235,02,04,27,28,31,36
21/01/2018,00236,01,10,11,24,32,37
24/01/2018,00237,05,06,24,33,42,45
26/01/2018,00238,01,09,18,28,36,44
28/01/2018,00239,12,26,27,33,36,37
31/01/2018,00240,04,07,09,10,30,40
02/02/2018,00241,02,07,14,28,42,45
04/02/2018,00242,01,05,13,27,40,45
07/02/2018,00243,05,07,18,26,30,36
09/02/2018,00244,02,10,14,19,23,37
11/02/2018,00245,05,19,27,32,41,45
14/02/2018,00246,12,31,32,34,35,43
18/02/2018,00247,01,05,14,16,36,38
21/02/2018,00248,18,23,24,26,29,33
23/02/2018,00249,05,16,19,23,29,37
25/02/2018,00250,08,10,12,29,30,42
28/02/2018,00251,17,19,21,23,36,40
02/03/2018,00252,03,07,15,27,41,45
04/03/2018,00253,04,11,19,25,32,40
07/03/2018,00254,08,19,25,31,37,40
09/03/2018,00255,05,10,13,19,25,44
11/03/2018,00256,01,14,19,26,41,42
14/03/2018,00257,12,21,23,27,31,34
16/03/2018,00258,06,08,13,17,20,34
18/03/2018,00259,14,21,24,28,31,40
21/03/2018,00260,06,19,38,40,41,44
23/03/2018,00261,03,06,12,22,26,35
25/03/2018,00262,04,10,13,22,38,42
28/03/2018,00263,12,18,31,34,35,42
30/03/2018,00264,07,11,18,28,34,43
01/04/2018,00265,04,12,24,33,39,43
04/04/2018,00266,02,03,06,16,41,44
06/04/2018,00267,01,07,08,09,36,40
08/04/2018,00268,02,05,11,16,30,34
11/04/2018,00269,07,20,23,25,26,39
13/04/2018,00270,11,22,24,33,38,43
15/04/2018,00271,03,09,13,20,30,34
18/04/2018,00272,06,16,28,29,39,44
20/04/2018,00273,06,09,14,30,33,42
22/04/2018,00274,06,07,22,32,36,39
25/04/2018,00275,04,15,17,23,29,43
27/04/2018,00276,10,20,24,27,28,29
29/04/2018,00277,03,10,22,23,25,43
02/05/2018,00278,10,11,22,29,37,40
04/05/2018,00279,09,18,25,26,27,29
06/05/2018,00280,11,26,28,34,36,37
09/05/2018,00281,09,15,20,30,31,33
11/05/2018,00282,10,11,26,29,33,38
13/05/2018,00283,06,11,16,18,27,41
16/05/2018,00284,10,21,23,25,35,38
18/05/2018,00285,03,18,24,29,30,35
20/05/2018,00286,18,19,25,26,29,39
23/05/2018,00287,13,16,25,34,37,41
25/05/2018,00288,05,14,22,26,29,39
27/05/2018,00289,05,09,17,18,19,22
30/05/2018,00290,02,17,19,27,31,36
01/06/2018,00291,06,14,19,38,43,44
03/06/2018,00292,18,20,24,40,42,45
06/06/2018,00293,06,20,22,26,43,44
08/06/2018,00294,04,13,32,35,40,42
10/06/2018,00295,22,25,35,36,38,39
13/06/2018,00296,02,04,17,24,31,40
15/06/2018,00297,08,11,13,23,24,28
17/06/2018,00298,03,05,06,07,34,40
20/06/2018,00299,02,18,22,30,32,43
22/06/2018,00300,15,19,20,26,34,39
24/06/2018,00301,06,08,23,32,33,41
27/06/2018,00302,25,27,29,33,37,38
29/06/2018,00303,06,18,22,24,36,39
01/07/2018,00304,04,07,15,28,34,37
04/07/2018,00305,02,03,27,28,34,43
06/07/2018,00306,22,26,33,34,38,42
08/07/2018,00307,02,07,08,10,28,44
11/07/2018,00308,12,26,28,29,39,43
13/07/2018,00309,03,08,09,25,27,28
15/07/2018,00310,07,15,20,29,31,38
18/07/2018,00311,08,10,14,19,26,34
20/07/2018,00312,13,14,16,19,20,23
22/07/2018,00313,08,09,24,27,40,45
25/07/2018,00314,09,16,18,38,41,45
27/07/2018,00315,02,21,32,37,38,42
29/07/2018,00316,26,31,32,37,43,45
01/08/2018,00317,05,06,29,30,37,38
03/08/2018,00318,03,08,10,24,27,28
05/08/2018,00319,07,10,18,31,39,43
08/08/2018,00320,19,34,37,39,41,44
10/08/2018,00321,18,22,24,29,41,45
12/08/2018,00322,05,16,17,28,31,38
15/08/2018,00323,12,24,25,33,40,44
17/08/2018,00324,03,08,22,28,33,42
19/08/2018,00325,16,18,28,36,37,45
22/08/2018,00326,15,17,18,33,34,44
24/08/2018,00327,03,22,25,29,33,40
26/08/2018,00328,01,03,11,12,22,36
29/08/2018,00329,16,17,24,28,30,36
31/08/2018,00330,11,19,30,36,38,40
02/09/2018,00331,10,12,13,22,26,40
05/09/2018,00332,05,06,22,27,34,37
07/09/2018,00333,08,10,11,28,42,45
09/09/2018,00334,08,14,18,21,44,45
12/09/2018,00335,11,12,13,16,29,31
14/09/2018,00336,12,16,17,18,26,34
16/09/2018,00337,03,13,17,18,23,34
19/09/2018,00338,10,20,22,24,27,42
21/09/2018,00339,01,03,11,14,23,29
23/09/2018,00340,18,27,32,35,41,44
26/09/2018,00341,12,19,27,39,42,45
28/09/2018,00342,02,06,11,13,15,38
30/09/2018,00343,01,20,24,36,43,45
03/10/2018,00344,06,12,19,21,25,45
05/10/2018,00345,04,12,17,29,35,44
07/10/2018,00346,14,18,31,34,39,44
10/10/2018,00347,18,19,22,28,41,42
12/10/2018,00348,11,12,20,26,28,42
14/10/2018,00349,07,08,09,34,40,43
17/10/2018,00350,01,12,14,36,39,43
19/10/2018,00351,02,14,30,38,39,45
21/10/2018,00352,06,22,24,28,30,37
24/10/2018,00353,06,26,34,35,39,42
26/10/2018,00354,02,18,31,33,36,41
28/10/2018,00355,09,18,19,20,31,45
31/10/2018,00356,17,22,26,30,33,35
02/11/2018,00357,04,06,11,18,24,25
04/11/2018,00358,07,12,13,17,25,30
07/11/2018,00359,06,18,22,25,31,37
09/11/2018,00360,06,18,28,32,34,35
11/11/2018,00361,20,23,26,27,32,34
14/11/2018,00362,12,14,24,26,30,40
16/11/2018,00363,04,12,18,21,25,41
18/11/2018,00364,06,27,28,30,37,44
21/11/2018,00365,07,09,16,19,24,33
23/11/2018,00366,08,10,12,21,25,40
25/11/2018,00367,03,05,11,18,24,29
28/11/2018,00368,08,13,20,21,25,28
30/11/2018,00369,11,18,23,25,28,35
02/12/2018,00370,02,04,12,23,37,45
05/12/2018,00371,07,28,29,39,42,45
07/12/2018,00372,01,06,07,22,31,39
09/12/2018,00373,06,08,26,34,40,41
12/12/2018,00374,01,03,11,15,27,30
14/12/2018,00375,07,16,20,26,30,34
16/12/2018,00376,01,14,22,26,35,42
19/12/2018,00377,02,10,11,32,40,44
21/12/2018,00378,01,07,16,27,29,34
23/12/2018,00379,01,03,10,11,16,44
26/12/2018,00380,21,28,34,35,41,44
28/12/2018,00381,03,22,24,25,31,37
30/12/2018,00382,10,19,31,35,42,44
02/01/2019,00383,04,14,32,35,36,40
04/01/2019,00384,01,08,14,16,19,22
06/01/2019,00385,09,22,33,34,35,44
09/01/2019,00386,17,27,28,30,33,41
11/01/2019,00387,19,21,22,23,25,44
13/01/2019,00388,01,20,21,23,26,33
16/01/2019,00389,01,08,14,24,31,40
18/01/2019,00390,12,15,19,38,40,45
20/01/2019,00391,08,16,21,31,35,38
23/01/2019,00392,02,09,13,29,33,40
25/01/2019,00393,11,13,14,22,30,38
27/01/2019,00394,09,11,12,22,27,29
30/01/2019,00395,01,04,06,13,37,41
01/02/2019,00396,03,04,06,38,39,43
03/02/2019,00397,01,02,05,09,23,24
06/02/2019,00398,22,24,25,30,33,38
08/02/2019,00399,11,12,33,36,39,43
10/02/2019,00400,01,11,17,25,29,35
13/02/2019,00401,05,11,18,33,37,41
15/02/2019,00402,03,22,26,27,30,44
17/02/2019,00403,11,12,14,25,29,31
20/02/2019,00404,01,10,15,24,37,45
22/02/2019,00405,07,10,18,25,44,45
24/02/2019,00406,01,07,13,23,32,42
27/02/2019,00407,05,12,15,16,25,35
01/03/2019,00408,15,23,29,31,38,43
03/03/2019,00409,01,13,17,20,30,45
06/03/2019,00410,02,07,14,24,40,41
08/03/2019,00411,04,14,20,27,32,43
10/03/2019,00412,05,24,31,32,42,45
13/03/2019,00413,05,16,24,26,34,44
15/03/2019,00414,05,10,15,19,38,42
17/03/2019,00415,05,06,16,18,24,42
20/03/2019,00416,02,07,17,24,29,37
22/03/2019,00417,01,03,06,13,18,41
24/03/2019,00418,05,17,21,27,34,40
27/03/2019,00419,09,12,22,24,30,42
29/03/2019,00420,02,19,26,27,30,37
31/03/2019,00421,03,05,19,28,31,38
03/04/2019,00422,04,11,18,33,34,45
05/04/2019,00423,02,07,25,36,38,43
07/04/2019,00424,08,10,26,28,32,34
10/04/2019,00425,07,11,14,30,35,42
12/04/2019,00426,03,12,15,16,17,44
14/04/2019,00427,04,13,20,34,35,37
17/04/2019,00428,07,11,21,25,30,44
19/04/2019,00429,01,04,05,12,17,21
21/04/2019,00430,08,11,13,20,41,43
24/04/2019,00431,04,07,12,13,20,45
26/04/2019,00432,01,02,14,15,16,30
28/04/2019,00433,04,24,28,30,33,43
01/05/2019,00434,18,23,24,27,33,41
03/05/2019,00435,01,06,14,31,35,44
05/05/2019,00436,13,27,30,38,39,41
08/05/2019,00437,01,07,08,31,34,45
10/05/2019,00438,05,23,25,30,35,38
12/05/2019,00439,01,08,13,17,21,43
15/05/2019,00440,17,28,29,33,34,35
17/05/2019,00441,06,16,18,29,39,43
19/05/2019,00442,02,11,19,27,30,42
22/05/2019,00443,01,13,16,22,23,35
24/05/2019,00444,02,03,31,33,35,40
26/05/2019,00445,11,12,14,23,29,32
29/05/2019,00446,12,18,19,27,35,42
31/05/2019,00447,05,06,07,12,23,30
02/06/2019,00448,02,05,12,35,41,43
05/06/2019,00449,04,08,22,25,37,39
07/06/2019,00450,11,13,15,26,27,41
09/06/2019,00451,02,06,22,25,35,36
12/06/2019,00452,10,11,21,23,26,37
14/06/2019,00453,02,12,16,36,37,45
16/06/2019,00454,06,07,19,29,31,36
19/06/2019,00455,02,04,11,15,35,40
21/06/2019,00456,01,04,19,21,23,39
23/06/2019,00457,03,08,11,27,32,36
26/06/2019,00458,01,05,09,10,33,41
28/06/2019,00459,11,25,37,40,41,45
30/06/2019,00460,05,20,22,25,28,32
03/07/2019,00461,02,07,25,29,39,45
05/07/2019,00462,19,21,30,31,37,43
07/07/2019,00463,02,18,21,23,30,31
10/07/2019,00464,01,02,06,07,16,27
12/07/2019,00465,16,18,24,26,40,44
14/07/2019,00466,02,03,07,25,33,34
17/07/2019,00467,10,11,16,22,28,35
19/07/2019,00468,09,12,23,26,28,43
21/07/2019,00469,07,08,10,24,33,44
24/07/2019,00470,20,22,25,39,44,45
26/07/2019,00471,05,14,16,22,25,33
28/07/2019,00472,05,14,16,24,42,43
31/07/2019,00473,06,12,15,19,25,45
02/08/2019,00474,11,18,20,22,25,26
04/08/2019,00475,06,10,21,30,43,45
07/08/2019,00476,01,05,13,31,32,43
09/08/2019,00477,11,19,26,28,30,42
11/08/2019,00478,01,04,07,09,25,31
14/08/2019,00479,13,20,22,24,33,34
16/08/2019,00480,06,14,15,19,31,39
18/08/2019,00481,02,07,18,21,24,33
21/08/2019,00482,06,08,17,20,21,31
23/08/2019,00483,06,07,12,17,19,24
25/08/2019,00484,07,08,15,20,24,31
28/08/2019,00485,01,04,12,14,19,30
30/08/2019,00486,05,06,22,23,25,44
01/09/2019,00487,05,07,14,16,29,40
04/09/2019,00488,01,09,11,23,30,37
06/09/2019,00489,02,04,13,15,26,31
08/09/2019,00490,06,09,11,26,28,36
11/09/2019,00491,21,25,29,32,34,35
13/09/2019,00492,02,15,17,25,30,38
15/09/2019,00493,08,09,28,33,35,43
18/09/2019,00494,03,09,13,17,19,20
20/09/2019,00495,07,12,24,29,31,45
22/09/2019,00496,03,06,21,36,38,39
25/09/2019,00497,09,14,22,26,44,45
27/09/2019,00498,06,09,11,28,37,44
29/09/2019,00499,02,09,12,18,21,23
02/10/2019,00500,02,06,07,25,28,41
04/10/2019,00501,02,09,24,25,30,36
06/10/2019,00502,01,06,17,30,44,45
09/10/2019,00503,03,12,21,24,28,32
11/10/2019,00504,06,12,14,27,28,36
13/10/2019,00505,06,22,28,31,37,40
16/10/2019,00506,01,04,23,28,41,42
18/10/2019,00507,04,14,15,22,28,39
20/10/2019,00508,01,03,08,15,38,40
23/10/2019,00509,02,09,21,23,32,41
25/10/2019,00510,04,07,09,22,32,37
27/10/2019,00511,01,19,29,30,40,42
30/10/2019,00512,02,05,08,12,29,38
01/11/2019,00513,06,11,20,30,37,40
03/11/2019,00514,28,30,32,38,44,45
06/11/2019,00515,03,15,22,23,38,43
08/11/2019,00516,04,16,19,30,32,44
10/11/2019,00517,04,14,21,28,32,36
13/11/2019,00518,17,19,24,30,31,40
15/11/2019,00519,02,13,27,33,40,41
17/11/2019,00520,06,07,14,31,39,44
20/11/2019,00521,10,21,22,24,43,44
22/11/2019,00522,01,09,10,19,30,38
24/11/2019,00523,05,21,24,28,29,34
27/11/2019,00524,03,05,13,19,20,33
29/11/2019,00525,14,15,16,17,19,34
01/12/2019,00526,03,14,16,27,31,35
04/12/2019,00527,16,19,24,30,32,35
06/12/2019,00528,02,20,26,35,43,45
08/12/2019,00529,12,20,30,31,34,44
11/12/2019,00530,01,02,08,27,29,39
13/12/2019,00531,02,08,09,25,26,40
15/12/2019,00532,03,13,15,16,22,36
18/12/2019,00533,08,09,12,19,22,25
20/12/2019,00534,01,09,16,27,38,45
22/12/2019,00535,09,10,11,18,22,36
25/12/2019,00536,10,18,25,26,36,43
27/12/2019,00537,02,07,10,12,33,43
29/12/2019,00538,07,12,21,24,35,43
01/01/2020,00539,08,10,23,26,37,38
03/01/2020,00540,01,15,17,26,32,44
05/01/2020,00541,05,11,12,26,44,45
08/01/2020,00542,02,04,10,21,25,43
10/01/2020,00543,10,18,24,35,41,43
12/01/2020,00544,07,12,17,21,35,45
15/01/2020,00545,02,08,19,31,38,44
17/01/2020,00546,08,26,28,37,40,42
19/01/2020,00547,01,04,19,25,35,39
22/01/2020,00548,01,15,16,34,36,42
26/01/2020,00549,04,05,09,25,33,37
29/01/2020,00550,03,10,16,24,39,44
31/01/2020,00551,08,09,20,25,30,40
02/02/2020,00552,01,04,16,32,35,38
05/02/2020,00553,09,19,24,37,38,45
07/02/2020,00554,06,11,15,33,40,44
09/02/2020,00555,01,04,18,22,26,35
12/02/2020,00556,05,13,16,20,24,35
14/02/2020,00557,04,14,24,32,36,43
16/02/2020,00558,01,04,14,36,37,41
19/02/2020,00559,01,16,23,25,30,38
21/02/2020,00560,13,15,22,28,29,41
23/02/2020,00561,01,06,16,23,34,42
26/02/2020,00562,02,10,12,20,24,39
28/02/2020,00563,02,19,23,27,29,38
01/03/2020,00564,01,06,07,13,26,39
04/03/2020,00565,01,07,17,24,35,41
06/03/2020,00566,06,09,10,16,26,42
08/03/2020,00567,03,13,17,19,21,43
11/03/2020,00568,12,16,29,35,37,44
13/03/2020,00569,08,13,20,28,35,45
15/03/2020,00570,04,07,11,17,19,31
18/03/2020,00571,06,21,30,37,38,45
20/03/2020,00572,08,23,29,37,39,44
22/03/2020,00573,02,10,19,22,24,29
25/03/2020,00574,26,31,33,37,38,45
27/03/2020,00575,01,06,10,35,36,45
29/03/2020,00576,07,10,23,36,39,44
24/04/2020,00577,10,31,37,39,40,43
26/04/2020,00578,05,25,30,36,37,41
29/04/2020,00579,01,08,11,13,15,32
01/05/2020,00580,06,07,16,37,40,44
03/05/2020,00581,05,18,29,32,38,44
06/05/2020,00582,03,18,25,29,30,44
08/05/2020,00583,01,03,07,12,22,25
10/05/2020,00584,07,09,23,32,33,37
13/05/2020,00585,06,20,21,35,40,45
15/05/2020,00586,03,12,13,28,33,36
17/05/2020,00587,02,04,21,30,33,37
20/05/2020,00588,01,08,15,23,25,39
22/05/2020,00589,03,08,19,28,35,41
24/05/2020,00590,01,29,30,32,34,35
27/05/2020,00591,06,15,29,30,37,42
29/05/2020,00592,04,10,23,26,35,37
31/05/2020,00593,01,06,13,27,35,40
03/06/2020,00594,01,15,17,19,40,43
05/06/2020,00595,10,13,22,28,38,43
07/06/2020,00596,06,07,11,16,23,44
10/06/2020,00597,02,11,23,25,26,35
12/06/2020,00598,05,16,22,27,30,31
14/06/2020,00599,19,22,24,41,44,45
17/06/2020,00600,07,16,28,33,34,45
19/06/2020,00601,04,12,17,19,32,45
21/06/2020,00602,07,09,13,33,40,44
24/06/2020,00603,07,17,18,32,39,40
26/06/2020,00604,09,23,27,30,38,41
28/06/2020,00605,04,15,24,36,37,41
01/07/2020,00606,10,13,14,26,32,33
03/07/2020,00607,04,05,17,18,22,36
05/07/2020,00608,05,08,10,17,22,31
08/07/2020,00609,14,15,17,21,31,38
10/07/2020,00610,18,20,22,33,35,39
12/07/2020,00611,02,15,21,27,31,35
15/07/2020,00612,10,11,18,19,20,45
17/07/2020,00613,04,10,18,20,32,45
19/07/2020,00614,01,13,14,19,42,45
22/07/2020,00615,09,13,18,24,26,42
24/07/2020,00616,04,25,31,35,39,41
26/07/2020,00617,05,15,21,39,43,45
29/07/2020,00618,06,14,26,41,42,43
31/07/2020,00619,04,09,19,29,36,41
02/08/2020,00620,06,09,12,17,41,42
05/08/2020,00621,14,18,19,32,33,38
07/08/2020,00622,17,26,35,40,43,44
09/08/2020,00623,11,13,14,43,44,45
12/08/2020,00624,07,21,34,38,43,44
14/08/2020,00625,09,18,21,24,34,41
16/08/2020,00626,02,05,06,20,33,39
19/08/2020,00627,07,20,36,37,43,45
21/08/2020,00628,07,08,26,30,37,43
23/08/2020,00629,10,14,19,25,36,39
26/08/2020,00630,02,18,24,28,35,42
28/08/2020,00631,10,11,14,23,27,37
30/08/2020,00632,06,08,18,19,29,33
02/09/2020,00633,08,10,14,16,18,24
04/09/2020,00634,07,16,20,30,40,41
06/09/2020,00635,01,06,19,29,31,44
09/09/2020,00636,19,21,34,35,36,39
11/09/2020,00637,04,11,13,16,17,33
13/09/2020,00638,20,23,28,37,40,44
16/09/2020,00639,05,20,29,30,38,40
18/09/2020,00640,10,19,21,23,27,33
20/09/2020,00641,05,07,09,13,15,16
23/09/2020,00642,02,08,17,23,30,41
25/09/2020,00643,14,20,22,35,44,45
27/09/2020,00644,01,12,26,31,37,38
30/09/2020,00645,02,05,31,32,42,44
02/10/2020,00646,09,11,21,31,32,37
04/10/2020,00647,09,16,19,25,26,39
07/10/2020,00648,13,15,25,26,28,34
09/10/2020,00649,15,19,23,30,33,39
11/10/2020,00650,12,18,28,31,40,45
14/10/2020,00651,04,07,23,32,43,44
16/10/2020,00652,04,14,16,23,24,27
18/10/2020,00653,01,14,25,26,30,40
21/10/2020,00654,04,11,26,36,38,41
23/10/2020,00655,05,10,16,23,34,45
25/10/2020,00656,11,19,30,38,41,45
28/10/2020,00657,01,04,07,15,35,45
30/10/2020,00658,04,05,14,18,23,43
01/11/2020,00659,06,21,27,30,32,44
04/11/2020,00660,03,08,11,13,26,38
06/11/2020,00661,19,24,30,32,36,37
08/11/2020,00662,03,12,14,16,23,33
11/11/2020,00663,04,10,12,17,20,35
13/11/2020,00664,08,22,23,33,34,36
15/11/2020,00665,14,16,21,29,40,41
18/11/2020,00666,18,19,21,31,39,44
20/11/2020,00667,02,17,24,29,31,37
22/11/2020,00668,09,16,17,24,32,40
25/11/2020,00669,01,05,07,08,25,40
27/11/2020,00670,01,09,12,13,37,43
29/11/2020,00671,06,07,14,18,37,43
02/12/2020,00672,04,05,07,10,25,39
04/12/2020,00673,03,05,33,37,41,43
06/12/2020,00674,11,21,24,27,29,37
09/12/2020,00675,16,24,27,31,36,43
11/12/2020,00676,23,24,25,35,37,39
13/12/2020,00677,10,12,20,36,41,44
16/12/2020,00678,10,11,22,27,36,41
18/12/2020,00679,04,09,14,23,32,38
20/12/2020,00680,15,18,28,30,34,44
23/12/2020,00681,07,11,17,31,35,40
25/12/2020,00682,06,12,15,22,33,39
27/12/2020,00683,03,11,17,19,34,39
30/12/2020,00684,01,13,20,26,35,37
01/01/2021,00685,10,16,24,26,30,32
03/01/2021,00686,04,31,34,36,40,43
06/01/2021,00687,22,27,30,35,40,45
08/01/2021,00688,08,19,22,25,32,35
10/01/2021,00689,10,11,22,32,38,43
13/01/2021,00690,19,20,21,28,33,41
15/01/2021,00691,04,06,10,13,26,43
17/01/2021,00692,04,05,32,39,40,42
20/01/2021,00693,07,20,29,30,40,45
22/01/2021,00694,01,06,07,20,28,43
24/01/2021,00695,08,09,23,25,31,32
27/01/2021,00696,01,07,11,28,41,44
29/01/2021,00697,06,07,08,29,35,39
31/01/2021,00698,04,06,07,11,34,41
03/02/2021,00699,07,09,14,23,35,41
05/02/2021,00700,02,08,31,32,42,44
07/02/2021,00701,01,04,07,15,41,42
10/02/2021,00702,08,13,18,19,21,24
14/02/2021,00703,03,13,18,21,39,44
17/02/2021,00704,03,18,21,22,36,44
19/02/2021,00705,12,19,22,23,34,44
21/02/2021,00706,06,07,22,24,27,37
24/02/2021,00707,02,13,19,33,40,43
26/02/2021,00708,11,13,19,27,37,41
28/02/2021,00709,04,05,25,28,29,42
03/03/2021,00710,01,20,28,37,40,44
05/03/2021,00711,09,11,13,21,27,41
07/03/2021,00712,04,12,25,28,33,45
10/03/2021,00713,05,14,15,19,25,33
12/03/2021,00714,05,11,17,34,38,42
14/03/2021,00715,01,09,11,32,34,42
17/03/2021,00716,06,11,26,28,36,41
19/03/2021,00717,05,06,24,34,36,37
21/03/2021,00718,08,09,11,31,36,39
24/03/2021,00719,07,14,23,26,37,39
26/03/2021,00720,02,11,15,18,23,42
28/03/2021,00721,23,26,40,41,43,44
31/03/2021,00722,02,04,06,36,41,42
02/04/2021,00723,01,05,09,16,42,44
04/04/2021,00724,05,20,27,30,38,43
07/04/2021,00725,13,15,19,25,33,34
09/04/2021,00726,03,04,08,17,19,37
11/04/2021,00727,03,23,27,32,34,39
14/04/2021,00728,11,12,16,18,33,35
16/04/2021,00729,08,09,11,28,30,39
18/04/2021,00730,07,09,15,23,26,27
21/04/2021,00731,03,12,19,27,32,35
23/04/2021,00732,13,16,18,22,34,39
25/04/2021,00733,08,19,21,28,32,44
28/04/2021,00734,21,39,40,41,43,45
30/04/2021,00735,03,04,20,21,36,41
02/05/2021,00736,07,08,30,35,40,44
05/05/2021,00737,03,14,20,22,37,44
07/05/2021,00738,10,20,21,27,33,34
09/05/2021,00739,01,07,16,24,27,37
12/05/2021,00740,09,15,22,27,34,42
14/05/2021,00741,03,11,16,20,24,30
16/05/2021,00742,13,23,33,37,40,43
19/05/2021,00743,03,12,23,29,33,34
21/05/2021,00744,04,28,37,38,40,42
23/05/2021,00745,11,14,22,26,29,44
26/05/2021,00746,01,10,22,36,38,45
28/05/2021,00747,02,15,33,41,44,45
30/05/2021,00748,07,10,19,30,40,45
02/06/2021,00749,10,20,22,26,31,42
04/06/2021,00750,19,24,31,32,35,36
06/06/2021,00751,05,07,10,13,14,42
09/06/2021,00752,02,07,18,20,24,36
11/06/2021,00753,08,12,13,14,32,40
13/06/2021,00754,03,10,12,13,36,44
16/06/2021,00755,11,19,24,28,31,39
18/06/2021,00756,10,11,28,29,40,42
20/06/2021,00757,10,24,27,42,43,45
23/06/2021,00758,04,07,20,28,33,41
25/06/2021,00759,03,05,06,23,24,39
27/06/2021,00760,05,10,29,37,42,44
30/06/2021,00761,02,05,06,08,10,32
02/07/2021,00762,01,14,15,18,32,45
04/07/2021,00763,03,14,15,21,26,37
07/07/2021,00764,01,06,13,30,34,43
09/07/2021,00765,04,09,17,18,28,32
11/07/2021,00766,02,08,15,17,19,30
14/07/2021,00767,04,11,22,29,37,43
16/07/2021,00768,01,09,18,26,41,45
18/07/2021,00769,03,08,19,21,25,36
21/07/2021,00770,08,10,12,29,34,37
23/07/2021,00771,19,26,31,33,41,42
18/08/2021,00772,10,16,19,27,28,36
20/08/2021,00773,04,08,17,27,32,36
22/08/2021,00774,06,07,18,25,40,43
25/08/2021,00775,01,03,05,17,22,33
27/08/2021,00776,04,10,11,15,24,37
29/08/2021,00777,01,18,21,25,27,35
01/09/2021,00778,06,13,33,34,40,45
03/09/2021,00779,06,11,18,23,32,44
05/09/2021,00780,15,18,25,27,29,34
08/09/2021,00781,04,18,28,32,36,40
10/09/2021,00782,10,16,22,36,43,44
12/09/2021,00783,04,08,21,29,33,45
15/09/2021,00784,11,14,17,24,29,35
17/09/2021,00785,06,10,15,37,39,44
19/09/2021,00786,06,24,28,31,36,43
22/09/2021,00787,05,10,19,22,36,45
24/09/2021,00788,01,04,07,14,16,41
26/09/2021,00789,13,27,34,35,36,41
29/09/2021,00790,06,15,16,27,36,42
01/10/2021,00791,11,15,17,27,28,45
03/10/2021,00792,06,12,28,30,39,42
06/10/2021,00793,09,11,15,20,32,36
08/10/2021,00794,04,13,18,23,33,43
10/10/2021,00795,03,25,26,29,40,42
13/10/2021,00796,20,34,37,39,41,42
15/10/2021,00797,05,13,17,20,29,45
17/10/2021,00798,04,12,21,22,27,40
20/10/2021,00799,05,09,33,40,41,45
22/10/2021,00800,03,05,06,09,28,43
24/10/2021,00801,06,29,31,32,39,44
27/10/2021,00802,13,17,26,29,33,39
29/10/2021,00803,17,19,22,31,32,34
31/10/2021,00804,09,14,17,18,36,41
03/11/2021,00805,03,13,15,23,24,44
05/11/2021,00806,10,16,36,40,41,42
07/11/2021,00807,05,20,24,25,35,36
10/11/2021,00808,17,18,19,20,27,44
12/11/2021,00809,11,14,18,24,35,37
14/11/2021,00810,03,05,18,28,42,43
17/11/2021,00811,04,15,25,26,32,35
19/11/2021,00812,09,10,26,28,39,43
21/11/2021,00813,01,12,29,40,44,45
24/11/2021,00814,02,10,18,23,34,36
26/11/2021,00815,04,18,25,29,32,34
28/11/2021,00816,13,17,26,27,31,37
01/12/2021,00817,08,09,30,31,38,45
03/12/2021,00818,10,14,29,37,38,40
05/12/2021,00819,03,05,06,31,34,35
08/12/2021,00820,02,03,16,19,22,34
10/12/2021,00821,01,04,17,19,24,42
12/12/2021,00822,16,21,29,40,41,43
15/12/2021,00823,03,18,29,30,39,41
17/12/2021,00824,08,15,16,21,25,33
19/12/2021,00825,12,15,24,30,36,45
22/12/2021,00826,08,16,17,23,28,38
24/12/2021,00827,03,17,25,26,36,38
26/12/2021,00828,04,11,16,24,35,44
29/12/2021,00829,05,27,33,34,38,40
31/12/2021,00830,02,05,12,33,41,45
02/01/2022,00831,11,17,30,36,41,45
05/01/2022,00832,01,03,08,09,35,40
07/01/2022,00833,10,13,24,28,38,44
09/01/2022,00834,06,07,11,22,35,41
12/01/2022,00835,03,06,13,15,36,44
14/01/2022,00836,05,14,27,30,38,45
16/01/2022,00837,01,03,04,05,32,33
19/01/2022,00838,14,21,25,34,37,39
21/01/2022,00839,01,13,17,24,27,42
23/01/2022,00840,13,20,24,32,34,40
26/01/2022,00841,05,11,15,18,27,43
28/01/2022,00842,04,06,12,26,27,39
30/01/2022,00843,01,07,22,26,28,41
02/02/2022,00844,05,06,14,20,31,38
04/02/2022,00845,11,16,18,38,40,43
06/02/2022,00846,05,09,21,24,34,39
09/02/2022,00847,03,20,27,37,44,45
11/02/2022,00848,10,11,19,38,41,44
13/02/2022,00849,14,21,22,24,28,45
16/02/2022,00850,02,05,08,16,22,42
18/02/2022,00851,03,14,20,26,28,36
20/02/2022,00852,04,06,16,30,43,44
23/02/2022,00853,02,16,18,19,24,29
25/02/2022,00854,10,13,30,33,39,41
27/02/2022,00855,10,20,25,27,38,45
02/03/2022,00856,07,10,13,20,21,34
04/03/2022,00857,03,19,21,24,27,38
06/03/2022,00858,11,16,21,33,34,42
09/03/2022,00859,03,15,35,39,40,43
11/03/2022,00860,06,20,23,29,34,45
13/03/2022,00861,01,05,19,20,23,38
16/03/2022,00862,10,11,14,24,31,45
18/03/2022,00863,06,10,15,29,41,42
20/03/2022,00864,01,09,10,12,22,44
23/03/2022,00865,02,09,37,38,40,43
25/03/2022,00866,01,12,13,27,29,35
27/03/2022,00867,08,17,21,39,44,45
30/03/2022,00868,01,12,26,28,39,45
01/04/2022,00869,02,19,25,32,41,44
03/04/2022,00870,05,11,20,26,40,43
06/04/2022,00871,13,17,19,25,32,45
08/04/2022,00872,02,13,16,19,20,36
10/04/2022,00873,04,17,28,30,38,42
13/04/2022,00874,01,07,20,25,40,41
15/04/2022,00875,09,18,21,25,35,44
17/04/2022,00876,05,13,15,28,38,40
20/04/2022,00877,01,08,17,21,27,37
22/04/2022,00878,11,13,15,18,24,36
24/04/2022,00879,09,12,23,30,32,40
27/04/2022,00880,03,09,14,17,27,32
29/04/2022,00881,05,12,16,25,26,32
01/05/2022,00882,08,21,26,35,37,42
04/05/2022,00883,01,04,23,28,33,38
06/05/2022,00884,01,03,15,16,34,43
08/05/2022,00885,04,12,20,25,35,37
11/05/2022,00886,02,06,07,18,34,41
13/05/2022,00887,07,08,18,29,41,44
15/05/2022,00888,05,20,21,31,34,37
18/05/2022,00889,03,17,23,37,40,42
20/05/2022,00890,12,17,34,39,44,45
22/05/2022,00891,01,07,10,24,33,40
25/05/2022,00892,19,26,27,39,44,45
27/05/2022,00893,16,21,23,27,35,41
29/05/2022,00894,02,06,19,24,30,42
01/06/2022,00895,06,10,21,23,28,39
03/06/2022,00896,05,08,34,38,39,41
05/06/2022,00897,06,08,21,28,30,35
08/06/2022,00898,02,10,13,15,22,36
10/06/2022,00899,10,23,25,26,30,41
12/06/2022,00900,06,14,19,22,40,42
15/06/2022,00901,01,06,12,20,36,39
17/06/2022,00902,05,08,26,29,35,44
19/06/2022,00903,01,24,25,31,39,40
22/06/2022,00904,03,20,23,30,33,35
24/06/2022,00905,07,16,18,32,34,44
26/06/2022,00906,03,07,08,18,27,36
29/06/2022,00907,01,19,20,27,30,32
01/07/2022,00908,17,26,30,31,33,39
03/07/2022,00909,08,14,17,20,21,40
06/07/2022,00910,04,12,14,15,41,42
08/07/2022,00911,06,07,12,18,21,43
10/07/2022,00912,12,23,29,36,37,41
13/07/2022,00913,04,09,21,28,35,37
15/07/2022,00914,04,30,35,39,42,43
17/07/2022,00915,07,13,20,23,27,29
20/07/2022,00916,05,06,20,22,26,39
22/07/2022,00917,04,10,18,22,31,37
24/07/2022,00918,04,11,17,29,30,44
27/07/2022,00919,09,15,18,22,32,41
29/07/2022,00920,05,07,11,20,31,37
31/07/2022,00921,03,08,15,16,40,42
03/08/2022,00922,05,14,30,36,38,42
05/08/2022,00923,10,13,14,32,37,42
07/08/2022,00924,06,09,10,13,24,27
10/08/2022,00925,04,08,10,15,26,31
12/08/2022,00926,05,07,16,20,36,41
14/08/2022,00927,09,13,21,24,34,35
17/08/2022,00928,23,29,35,37,39,45
19/08/2022,00929,25,26,33,39,41,43
21/08/2022,00930,05,19,21,23,28,36
24/08/2022,00931,12,20,21,23,27,34
26/08/2022,00932,03,30,31,32,36,45
28/08/2022,00933,08,16,31,37,39,41
31/08/2022,00934,04,10,28,29,31,34
02/09/2022,00935,02,03,14,21,31,33
04/09/2022,00936,05,17,19,27,35,39
07/09/2022,00937,08,09,10,20,35,38
09/09/2022,00938,04,06,13,14,28,39
11/09/2022,00939,04,15,20,31,43,44
14/09/2022,00940,03,12,15,20,24,45
16/09/2022,00941,02,26,35,41,42,43
18/09/2022,00942,03,05,10,17,25,29
21/09/2022,00943,05,10,14,25,42,45
23/09/2022,00944,01,12,21,28,30,44
25/09/2022,00945,03,05,08,31,33,34
28/09/2022,00946,04,05,07,24,27,30
30/09/2022,00947,04,11,19,20,35,41
02/10/2022,00948,03,17,28,30,31,32
05/10/2022,00949,09,18,23,24,29,34
07/10/2022,00950,18,20,29,34,36,38
09/10/2022,00951,13,15,20,25,35,43
12/10/2022,00952,01,07,13,16,27,35
14/10/2022,00953,01,06,22,25,30,34
16/10/2022,00954,02,05,19,26,38,40
19/10/2022,00955,01,03,07,10,21,29
21/10/2022,00956,10,16,17,18,34,42
23/10/2022,00957,02,11,18,33,36,45
26/10/2022,00958,02,03,10,15,31,36
28/10/2022,00959,16,21,22,33,42,45
30/10/2022,00960,15,27,31,36,38,41
02/11/2022,00961,02,17,23,27,37,42
04/11/2022,00962,09,13,16,24,33,45
06/11/2022,00963,08,10,12,14,17,31
09/11/2022,00964,07,09,16,20,30,32
11/11/2022,00965,02,03,09,15,17,43
13/11/2022,00966,03,04,27,32,40,43
16/11/2022,00967,02,03,12,32,35,44
18/11/2022,00968,15,16,22,25,29,33
20/11/2022,00969,01,04,14,22,24,40
23/11/2022,00970,04,13,15,20,37,38
25/11/2022,00971,14,20,24,30,35,41
27/11/2022,00972,01,26,27,35,36,43
30/11/2022,00973,07,15,20,25,32,37
02/12/2022,00974,02,18,21,24,38,44
04/12/2022,00975,04,05,07,09,27,39
07/12/2022,00976,08,11,19,24,26,42
09/12/2022,00977,04,23,25,30,40,41
11/12/2022,00978,09,11,16,17,22,33
14/12/2022,00979,13,29,35,37,38,41
16/12/2022,00980,06,19,22,26,38,39
18/12/2022,00981,02,12,13,33,36,42
21/12/2022,00982,08,12,20,26,35,37
23/12/2022,00983,02,14,21,22,35,43
25/12/2022,00984,15,17,21,28,37,43
28/12/2022,00985,04,05,10,21,33,37
30/12/2022,00986,03,24,31,35,39,42
01/01/2023,00987,16,20,26,30,32,40
04/01/2023,00988,03,05,07,37,39,42
06/01/2023,00989,02,07,16,25,35,38
08/01/2023,00990,11,29,32,39,40,43
11/01/2023,00991,01,18,22,33,34,43
13/01/2023,00992,03,11,14,20,26,42
15/01/2023,00993,08,09,15,21,26,45
20/01/2023,00994,03,07,13,29,32,44
25/01/2023,00995,12,14,18,22,28,31
27/01/2023,00996,10,13,21,29,41,43
29/01/2023,00997,05,21,26,27,32,33
01/02/2023,00998,16,21,27,29,34,44
03/02/2023,00999,04,11,16,30,33,43
05/02/2023,01000,13,15,23,29,31,34
08/02/2023,01001,06,18,20,22,26,34
10/02/2023,01002,01,11,23,27,33,39
12/02/2023,01003,03,05,11,23,24,42
15/02/2023,01004,01,02,08,20,24,31
17/02/2023,01005,01,05,10,13,23,25
19/02/2023,01006,02,20,22,28,29,38
22/02/2023,01007,08,16,22,23,28,38
24/02/2023,01008,01,10,16,22,35,44
26/02/2023,01009,04,09,16,26,28,42
01/03/2023,01010,13,14,29,33,38,43
03/03/2023,01011,10,22,26,27,33,43
05/03/2023,01012,09,11,24,31,36,44
08/03/2023,01013,10,13,22,25,28,36
10/03/2023,01014,03,05,13,22,36,44
12/03/2023,01015,10,28,29,31,33,37
15/03/2023,01016,11,19,23,28,34,35
17/03/2023,01017,05,07,12,22,26,33
19/03/2023,01018,02,07,10,21,28,35
22/03/2023,01019,05,08,10,15,17,41
24/03/2023,01020,06,14,15,18,24,41
26/03/2023,01021,06,16,18,25,34,45
29/03/2023,01022,03,06,12,28,29,43
31/03/2023,01023,01,09,10,15,30,42
02/04/2023,01024,02,24,36,38,42,43
05/04/2023,01025,04,08,12,15,19,43
07/04/2023,01026,09,14,22,29,39,41
09/04/2023,01027,12,15,25,30,34,39
12/04/2023,01028,04,07,27,28,32,43
14/04/2023,01029,08,16,23,27,32,41
16/04/2023,01030,08,17,20,25,33,36
19/04/2023,01031,10,27,37,40,42,43
21/04/2023,01032,02,04,07,10,20,44
23/04/2023,01033,01,02,22,30,37,42
26/04/2023,01034,01,04,07,09,34,37
28/04/2023,01035,05,11,25,33,42,44
30/04/2023,01036,07,09,23,24,33,36
03/05/2023,01037,18,23,28,29,39,44
05/05/2023,01038,22,28,31,35,36,38
07/05/2023,01039,04,30,31,33,35,45
10/05/2023,01040,07,08,09,13,15,27
12/05/2023,01041,02,06,08,09,15,27
14/05/2023,01042,07,08,13,37,42,44
17/05/2023,01043,02,06,13,20,28,44
19/05/2023,01044,03,09,10,27,35,38
21/05/2023,01045,08,10,17,19,24,41
24/05/2023,01046,09,11,15,28,33,44
26/05/2023,01047,08,10,19,25,35,44
28/05/2023,01048,06,13,19,20,37,44
31/05/2023,01049,04,09,10,22,41,44
02/06/2023,01050,03,11,14,19,21,43
04/06/2023,01051,03,15,19,35,36,43
07/06/2023,01052,01,07,14,16,34,44
09/06/2023,01053,15,16,23,25,40,41
11/06/2023,01054,05,18,22,40,41,44
14/06/2023,01055,02,28,31,37,41,44
16/06/2023,01056,24,26,32,37,38,41
18/06/2023,01057,03,04,08,18,21,33
21/06/2023,01058,07,13,19,35,37,38
23/06/2023,01059,10,14,15,20,24,45
25/06/2023,01060,04,06,07,25,26,30
28/06/2023,01061,04,08,24,31,42,45
30/06/2023,01062,02,05,20,23,31,38
02/07/2023,01063,03,05,08,17,37,41
05/07/2023,01064,01,12,24,27,36,44
07/07/2023,01065,05,09,12,20,37,42
09/07/2023,01066,14,16,27,28,33,41
12/07/2023,01067,19,24,27,31,33,43
14/07/2023,01068,04,05,13,19,27,37
16/07/2023,01069,01,07,16,18,21,29
19/07/2023,01070,06,10,19,37,43,45
21/07/2023,01071,09,20,31,33,36,45
23/07/2023,01072,14,17,23,32,33,43
26/07/2023,01073,04,13,18,21,29,37
28/07/2023,01074,07,27,28,30,31,35
30/07/2023,01075,03,17,23,33,42,45
02/08/2023,01076,04,21,27,38,39,44
04/08/2023,01077,02,12,22,38,41,44
06/08/2023,01078,04,15,19,25,30,38
09/08/2023,01079,18,22,30,31,39,41
11/08/2023,01080,16,21,26,29,30,45
13/08/2023,01081,09,15,23,33,35,40
16/08/2023,01082,05,07,25,31,39,41
18/08/2023,01083,12,19,21,22,34,38
20/08/2023,01084,07,08,22,23,30,42
23/08/2023,01085,05,14,18,19,29,31
25/08/2023,01086,08,18,30,32,38,45
27/08/2023,01087,24,27,30,37,44,45
30/08/2023,01088,13,17,20,28,30,33
01/09/2023,01089,09,14,16,19,28,41
03/09/2023,01090,01,33,38,39,44,45
06/09/2023,01091,03,04,12,18,19,29
08/09/2023,01092,06,08,14,29,39,42
10/09/2023,01093,04,05,10,18,27,40
13/09/2023,01094,02,04,07,09,12,13
15/09/2023,01095,02,03,05,07,10,38
17/09/2023,01096,06,10,15,36,39,43
20/09/2023,01097,03,06,20,39,40,41
22/09/2023,01098,02,16,17,18,20,23
24/09/2023,01099,04,08,23,27,30,36
27/09/2023,01100,03,12,22,30,37,39
29/09/2023,01101,02,08,24,27,30,43
01/10/2023,01102,02,11,13,16,41,43
04/10/2023,01103,07,17,21,32,40,45
06/10/2023,01104,18,19,24,28,33,40
08/10/2023,01105,04,16,22,28,33,39
11/10/2023,01106,05,10,30,40,44,45
13/10/2023,01107,01,11,16,39,40,45
15/10/2023,01108,04,05,09,27,34,39
18/10/2023,01109,02,07,18,20,24,29
20/10/2023,01110,04,16,21,24,26,37
22/10/2023,01111,10,13,14,19,35,40
25/10/2023,01112,04,06,13,25,31,41
27/10/2023,01113,07,10,14,21,26,37
29/10/2023,01114,05,07,15,21,32,45
01/11/2023,01115,01,03,15,16,23,28
03/11/2023,01116,02,07,09,13,22,38
05/11/2023,01117,01,13,16,18,23,25
08/11/2023,01118,07,20,23,27,31,33
10/11/2023,01119,01,04,10,13,14,44
12/11/2023,01120,02,04,10,15,27,31
15/11/2023,01121,02,03,12,16,30,37
17/11/2023,01122,16,20,25,26,36,41
19/11/2023,01123,01,03,19,20,26,34
22/11/2023,01124,15,18,20,23,37,39
24/11/2023,01125,05,18,22,34,41,45
26/11/2023,01126,04,06,15,23,25,36
29/11/2023,01127,09,22,24,32,38,39
01/12/2023,01128,05,10,14,21,27,32
03/12/2023,01129,12,14,16,21,29,32
06/12/2023,01130,18,19,20,29,41,42
08/12/2023,01131,11,15,16,17,42,43
10/12/2023,01132,09,10,11,17,41,44
13/12/2023,01133,03,07,11,20,28,44
15/12/2023,01134,01,05,10,11,20,40
17/12/2023,01135,03,07,18,20,31,33
20/12/2023,01136,05,15,16,21,22,32
22/12/2023,01137,02,12,14,16,34,38
24/12/2023,01138,01,02,05,24,40,43
27/12/2023,01139,08,16,23,34,36,39
29/12/2023,01140,16,20,22,35,37,39
31/12/2023,01141,13,14,23,25,34,44
03/01/2024,01142,09,14,19,20,29,40
05/01/2024,01143,09,16,29,31,33,42
07/01/2024,01144,03,04,15,18,36,45
10/01/2024,01145,10,12,18,19,29,43
12/01/2024,01146,10,11,20,27,39,43
14/01/2024,01147,02,08,19,20,24,42
17/01/2024,01148,14,19,21,36,43,44
19/01/2024,01149,08,15,20,24,43,44
21/01/2024,01150,11,20,22,23,26,31
24/01/2024,01151,07,27,30,36,39,45
26/01/2024,01152,08,19,22,27,31,35
28/01/2024,01153,03,23,25,29,36,41
31/01/2024,01154,09,11,15,35,38,41
02/02/2024,01155,01,15,29,31,32,34
04/02/2024,01156,09,15,21,29,33,39
07/02/2024,01157,17,21,24,25,39,42
11/02/2024,01158,07,18,31,33,35,41
14/02/2024,01159,08,09,11,12,40,44
16/02/2024,01160,06,10,16,20,40,42
18/02/2024,01161,05,19,20,21,24,40
21/02/2024,01162,02,08,14,19,24,42
23/02/2024,01163,04,17,19,27,28,36
25/02/2024,01164,05,07,10,12,15,26
28/02/2024,01165,01,10,21,25,32,39
01/03/2024,01166,20,22,24,26,28,37
03/03/2024,01167,03,10,17,20,22,27
06/03/2024,01168,11,15,34,39,41,43
08/03/2024,01169,02,26,28,40,41,45
10/03/2024,01170,04,12,19,23,36,41
13/03/2024,01171,01,13,25,30,34,40
15/03/2024,01172,09,11,16,29,31,33
17/03/2024,01173,01,03,05,26,30,42
20/03/2024,01174,08,14,26,28,43,45
22/03/2024,01175,05,06,11,20,24,45
24/03/2024,01176,01,14,22,28,32,42
27/03/2024,01177,06,29,31,35,42,44
29/03/2024,01178,04,07,25,34,35,38
31/03/2024,01179,05,12,13,17,40,41
03/04/2024,01180,07,11,14,22,29,34
05/04/2024,01181,14,18,22,29,36,37
07/04/2024,01182,03,11,15,17,24,35
10/04/2024,01183,02,10,30,33,34,40
12/04/2024,01184,06,17,18,26,43,45
14/04/2024,01185,07,12,16,29,42,45
17/04/2024,01186,09,16,26,27,32,41
19/04/2024,01187,02,03,20,21,32,33
21/04/2024,01188,07,21,36,38,40,45
24/04/2024,01189,07,21,30,33,38,39
26/04/2024,01190,02,03,25,34,35,38
28/04/2024,01191,01,13,14,22,23,37
01/05/2024,01192,07,09,17,20,25,29
03/05/2024,01193,01,13,14,21,27,43
05/05/2024,01194,10,12,14,16,21,39
08/05/2024,01195,02,10,13,22,30,34
10/05/2024,01196,12,13,31,38,42,43
12/05/2024,01197,03,05,06,09,32,45
15/05/2024,01198,03,11,13,21,24,34
17/05/2024,01199,08,22,27,29,39,43
19/05/2024,01200,05,19,25,35,37,39
22/05/2024,01201,02,03,10,22,41,43
24/05/2024,01202,02,14,15,17,23,40
26/05/2024,01203,04,09,11,14,19,27
29/05/2024,01204,04,21,25,27,35,39
31/05/2024,01205,04,08,15,23,31,40
02/06/2024,01206,02,07,13,23,25,45
05/06/2024,01207,11,25,28,33,34,45
07/06/2024,01208,15,19,24,25,27,39
09/06/2024,01209,04,05,28,32,37,42
12/06/2024,01210,01,02,08,13,26,34
14/06/2024,01211,10,24,25,26,30,41
16/06/2024,01212,03,16,17,18,25,37
19/06/2024,01213,08,12,17,23,26,27
21/06/2024,01214,03,07,11,16,19,35
23/06/2024,01215,09,11,19,29,31,44
26/06/2024,01216,08,10,29,30,33,40
28/06/2024,01217,04,06,16,32,41,44
30/06/2024,01218,05,23,25,28,30,43
03/07/2024,01219,11,18,24,34,38,43
05/07/2024,01220,04,23,33,38,40,44
07/07/2024,01221,04,08,22,23,26,45
10/07/2024,01222,23,24,36,37,40,45
12/07/2024,01223,11,17,25,26,28,29
14/07/2024,01224,09,18,33,37,38,43
17/07/2024,01225,09,10,11,16,21,30
19/07/2024,01226,01,10,20,25,34,35
21/07/2024,01227,09,10,23,25,28,38
24/07/2024,01228,07,08,20,27,32,34
26/07/2024,01229,18,20,28,31,39,45
28/07/2024,01230,01,13,21,25,31,39
31/07/2024,01231,02,04,12,16,18,42
02/08/2024,01232,09,14,19,34,37,41
04/08/2024,01233,01,04,16,18,20,32
07/08/2024,01234,11,19,22,29,40,44
09/08/2024,01235,06,14,15,24,26,39
11/08/2024,01236,17,18,19,33,35,37
14/08/2024,01237,01,06,09,21,43,44
16/08/2024,01238,16,22,23,30,34,41
18/08/2024,01239,04,13,28,33,35,38
21/08/2024,01240,07,08,09,15,22,30
23/08/2024,01241,07,13,26,28,35,41
25/08/2024,01242,06,10,15,17,40,42
28/08/2024,01243,04,05,17,25,39,41
30/08/2024,01244,02,15,19,26,34,36
01/09/2024,01245,30,31,33,38,42,43
04/09/2024,01246,02,07,15,18,24,33
06/09/2024,01247,05,25,28,32,36,41
08/09/2024,01248,03,08,10,26,34,37
11/09/2024,01249,06,11,19,23,34,37
13/09/2024,01250,06,12,27,34,41,42
15/09/2024,01251,03,11,28,32,33,35
18/09/2024,01252,04,08,27,28,35,36
20/09/2024,01253,13,14,19,20,30,33
22/09/2024,01254,20,23,28,36,40,42
25/09/2024,01255,10,23,25,27,31,37
27/09/2024,01256,01,06,18,25,39,44
29/09/2024,01257,03,07,16,17,41,42
02/10/2024,01258,05,06,11,23,31,36
04/10/2024,01259,08,10,21,32,39,44
06/10/2024,01260,07,14,33,36,42,43
09/10/2024,01261,14,18,20,22,34,45
11/10/2024,01262,11,19,26,28,29,43
13/10/2024,01263,07,10,13,17,21,45
16/10/2024,01264,04,14,19,23,24,37
18/10/2024,01265,13,19,20,22,24,37
20/10/2024,01266,06,23,24,25,26,34
23/10/2024,01267,22,27,28,31,37,44
25/10/2024,01268,03,10,31,32,34,40
27/10/2024,01269,18,21,28,29,33,45
30/10/2024,01270,04,13,20,29,32,37
01/11/2024,01271,20,22,23,32,35,40
03/11/2024,01272,01,04,05,16,20,22
06/11/2024,01273,01,02,03,11,25,37
08/11/2024,01274,11,15,18,27,34,37
10/11/2024,01275,03,07,11,12,13,40
13/11/2024,01276,03,23,28,35,39,42
15/11/2024,01277,08,13,31,36,37,40
17/11/2024,01278,11,17,29,31,38,42
20/11/2024,01279,04,16,24,29,31,37
22/11/2024,01280,01,14,15,19,38,40
24/11/2024,01281,05,14,15,21,33,36
27/11/2024,01282,06,21,24,31,42,44
29/11/2024,01283,12,15,33,35,37,45
01/12/2024,01284,15,17,25,29,33,35
04/12/2024,01285,07,14,19,24,34,36
06/12/2024,01286,08,14,18,26,34,42
08/12/2024,01287,01,13,24,26,27,37
11/12/2024,01288,02,10,17,23,29,33
13/12/2024,01289,03,07,29,36,37,44
15/12/2024,01290,01,10,20,22,23,36
18/12/2024,01291,03,07,12,16,26,34
20/12/2024,01292,06,09,12,21,28,33
22/12/2024,01293,15,16,24,27,31,44
25/12/2024,01294,08,13,20,25,28,39
27/12/2024,01295,01,10,13,24,25,33
29/12/2024,01296,05,08,19,31,34,43
01/01/2025,01297,14,20,25,28,36,40
03/01/2025,01298,06,12,21,27,34,41
05/01/2025,01299,02,07,15,37,41,42
08/01/2025,01300,02,03,17,33,37,38
10/01/2025,01301,02,04,08,28,42,44
12/01/2025,01302,02,09,12,14,41,44
15/01/2025,01303,02,06,08,10,23,33
17/01/2025,01304,02,12,22,31,34,35
19/01/2025,01305,05,06,10,19,32,38
22/01/2025,01306,03,21,26,29,32,33
24/01/2025,01307,01,07,11,22,31,34
26/01/2025,01308,05,08,09,11,20,29
31/01/2025,01309,02,15,16,32,42,45
02/02/2025,01310,15,20,22,29,32,36
05/02/2025,01311,04,06,09,14,25,41
07/02/2025,01312,04,05,25,27,35,39
09/02/2025,01313,08,16,22,27,31,34
12/02/2025,01314,07,19,31,39,42,43
14/02/2025,01315,06,08,10,27,28,32
16/02/2025,01316,11,19,26,28,35,40
19/02/2025,01317,01,06,10,11,25,29
21/02/2025,01318,04,09,19,20,30,42
23/02/2025,01319,10,12,15,17,24,33
26/02/2025,01320,02,13,15,16,18,20
28/02/2025,01321,10,11,14,16,21,29
02/03/2025,01322,08,24,30,33,42,45
05/03/2025,01323,10,22,32,37,41,43
07/03/2025,01324,08,11,12,20,25,32
09/03/2025,01325,10,11,30,33,44,45
12/03/2025,01326,19,26,30,32,36,42
14/03/2025,01327,07,11,13,16,28,30
16/03/2025,01328,02,12,14,16,38,45
19/03/2025,01329,12,23,27,28,29,43
21/03/2025,01330,31,32,34,41,42,45
23/03/2025,01331,05,06,08,09,36,45
26/03/2025,01332,17,24,25,30,35,39
28/03/2025,01333,05,07,22,28,29,34
30/03/2025,01334,14,15,33,38,42,45
02/04/2025,01335,08,14,15,22,31,34
04/04/2025,01336,02,13,24,25,28,38
06/04/2025,01337,03,05,06,13,18,22
09/04/2025,01338,05,08,11,22,41,44
11/04/2025,01339,01,13,14,26,37,43
13/04/2025,01340,13,14,18,25,30,32
16/04/2025,01341,05,08,12,16,28,32
18/04/2025,01342,05,20,21,22,29,44
20/04/2025,01343,05,07,14,26,29,44
23/04/2025,01344,07,12,23,34,42,43
25/04/2025,01345,04,08,09,10,20,34
27/04/2025,01346,08,11,31,35,36,45
30/04/2025,01347,01,17,26,33,36,44
02/05/2025,01348,03,07,32,37,42,45
04/05/2025,01349,06,07,08,09,12,29
07/05/2025,01350,08,27,28,31,34,40
09/05/2025,01351,01,07,09,34,40,42
11/05/2025,01352,13,15,17,22,28,43
14/05/2025,01353,19,24,27,37,44,45
16/05/2025,01354,05,09,14,22,32,44
18/05/2025,01355,06,07,17,27,30,42
21/05/2025,01356,02,13,14,21,24,30
23/05/2025,01357,02,04,15,16,29,43
25/05/2025,01358,05,14,23,24,28,44
28/05/2025,01359,17,22,23,28,31,41
30/05/2025,01360,04,07,12,35,37,41
01/06/2025,01361,09,24,29,37,42,44
04/06/2025,01362,11,23,26,27,29,32
06/06/2025,01363,24,26,35,39,41,45
08/06/2025,01364,06,17,18,19,31,37
11/06/2025,01365,10,13,22,27,41,45
13/06/2025,01366,01,13,19,28,30,36
15/06/2025,01367,15,16,22,23,29,32
18/06/2025,01368,19,23,24,26,36,41
20/06/2025,01369,02,08,18,22,26,29
22/06/2025,01370,01,09,14,20,34,41
25/06/2025,01371,08,10,26,29,35,39
27/06/2025,01372,09,14,26,30,44,45
29/06/2025,01373,10,23,25,26,27,28
02/07/2025,01374,12,16,21,28,34,41
04/07/2025,01375,07,09,21,29,41,45
06/07/2025,01376,05,08,13,23,36,45
09/07/2025,01377,07,08,30,32,33,44
11/07/2025,01378,11,20,22,24,43,45
13/07/2025,01379,09,17,22,27,35,36
16/07/2025,01380,06,11,14,19,21,42
18/07/2025,01381,07,22,24,28,42,45
20/07/2025,01382,11,13,14,20,37,42
23/07/2025,01383,24,26,29,32,37,44
25/07/2025,01384,20,30,34,35,38,39
27/07/2025,01385,01,09,12,27,39,45
30/07/2025,01386,02,03,06,16,26,34
01/08/2025,01387,05,29,30,31,36,38
03/08/2025,01388,05,14,24,26,37,43
06/08/2025,01389,03,12,14,18,29,34
08/08/2025,01390,11,17,20,26,27,38
10/08/2025,01391,13,21,26,28,31,35
13/08/2025,01392,10,15,28,30,35,45
15/08/2025,01393,05,22,27,36,43,45
17/08/2025,01394,15,24,26,29,31,42
20/08/2025,01395,04,09,27,32,38,42
22/08/2025,01396,01,09,10,13,37,39
24/08/2025,01397,02,09,20,28,32,43
27/08/2025,01398,03,11,18,39,40,42
29/08/2025,01399,02,04,10,24,35,36
31/08/2025,01400,03,04,14,30,32,38
03/09/2025,01401,14,21,23,28,44,45
05/09/2025,01402,01,10,20,22,41,43
07/09/2025,01403,06,29,30,39,42,44
10/09/2025,01404,07,10,18,20,24,36
12/09/2025,01405,17,22,24,37,42,43
14/09/2025,01406,03,06,09,10,30,37
17/09/2025,01407,11,23,25,35,38,45
19/09/2025,01408,04,06,17,18,28,41
21/09/2025,01409,02,03,06,21,28,38
24/09/2025,01410,03,05,17,31,32,40
26/09/2025,01411,12,17,19,27,28,36
28/09/2025,01412,08,13,18,26,36,39
01/10/2025,01413,03,06,07,19,30,35
03/10/2025,01414,29,31,32,33,34,35
05/10/2025,01415,05,14,22,28,32,39
08/10/2025,01416,08,10,11,18,23,32
10/10/2025,01417,04,05,25,34,39,43
12/10/2025,01418,04,10,16,20,28,34
15/10/2025,01419,01,06,18,20,29,40
17/10/2025,01420,15,17,18,26,31,42
19/10/2025,01421,16,17,25,26,28,37
22/10/2025,01422,05,11,12,24,28,44
24/10/2025,01423,02,11,24,31,32,38
26/10/2025,01424,18,30,34,42,43,45
29/10/2025,01425,07,26,35,39,41,42
31/10/2025,01426,03,10,31,34,36,43
02/11/2025,01427,03,07,12,20,30,44
05/11/2025,01428,02,09,18,25,30,31
07/11/2025,01429,03,04,20,28,39,42
09/11/2025,01430,13,23,27,30,37,43
12/11/2025,01431,16,24,29,37,40,44
14/11/2025,01432,03,10,15,27,41,42
16/11/2025,01433,15,20,31,33,34,45
19/11/2025,01434,09,12,19,30,40,43
21/11/2025,01435,08,11,18,25,28,35
23/11/2025,01436,04,12,19,42,43,44
26/11/2025,01437,02,08,15,19,30,38
28/11/2025,01438,02,09,17,23,39,41
30/11/2025,01439,07,13,26,30,34,42
03/12/2025,01440,08,15,20,23,31,34
05/12/2025,01441,02,19,23,37,42,43
07/12/2025,01442,01,05,23,28,29,43
10/12/2025,01443,07,18,22,29,30,36
12/12/2025,01444,03,07,13,17,38,44
14/12/2025,01445,08,11,13,16,28,32
17/12/2025,01446,05,14,24,38,41,43
19/12/2025,01447,01,21,36,42,43,44
21/12/2025,01448,06,09,12,18,29,43
24/12/2025,01449,15,19,31,35,43,45
26/12/2025,01450,04,06,16,25,27,40
28/12/2025,01451,01,02,07,16,31,37
31/12/2025,01452,01,25,35,36,37,45
02/01/2026,01453,07,18,22,32,37,38
04/01/2026,01454,02,12,21,29,35,44
07/01/2026,01455,01,05,07,28,31,43
09/01/2026,01456,08,09,17,21,36,45
11/01/2026,01457,08,10,21,25,31,38
14/01/2026,01458,01,22,23,28,39,45
16/01/2026,01459,02,10,21,31,34,40
18/01/2026,01460,02,05,15,26,39,42
21/01/2026,01461,01,18,23,24,29,37
23/01/2026,01462,09,15,16,20,22,31
25/01/2026,01463,02,19,20,24,33,34
28/01/2026,01464,04,10,16,19,27,40
30/01/2026,01465,16,17,30,41,42,45
01/02/2026,01466,01,18,21,23,30,36
04/02/2026,01467,02,12,14,17,39,43
06/02/2026,01468,02,07,13,17,42,45
08/02/2026,01469,06,13,16,20,23,38
11/02/2026,01470,15,20,35,40,44,45
13/02/2026,01471,08,12,31,36,42,43
15/02/2026,01472,04,06,07,20,28,43
18/02/2026,01473,01,07,19,23,26,44
20/02/2026,01474,04,25,28,33,34,45
22/02/2026,01475,07,23,24,36,38,40
25/02/2026,01476,04,13,20,22,23,29
27/02/2026,01477,02,04,08,15,17,28
01/03/2026,01478,16,22,23,35,44,45
04/03/2026,01479,01,04,06,09,13,44
06/03/2026,01480,02,10,12,21,32,37
08/03/2026,01481,06,12,13,25,31,32
11/03/2026,01482,16,18,19,28,31,44
13/03/2026,01483,11,12,20,22,31,33
15/03/2026,01484,04,07,11,26,42,44
18/03/2026,01485,14,20,33,35,36,44
20/03/2026,01486,08,11,22,23,38,43
22/03/2026,01487,05,10,22,26,31,36
25/03/2026,01488,16,22,24,29,35,36
27/03/2026,01489,05,07,13,19,38,45
29/03/2026,01490,05,08,18,30,37,45
01/04/2026,01491,06,30,34,36,37,44
03/04/2026,01492,02,04,23,24,35,41
05/04/2026,01493,02,09,23,30,32,42
08/04/2026,01494,05,08,23,26,38,41
10/04/2026,01495,07,08,10,16,28,35
12/04/2026,01496,01,10,11,32,39,42
15/04/2026,01497,21,22,33,35,36,43
17/04/2026,01498,01,10,19,31,36,38
19/04/2026,01499,07,10,15,27,33,35
22/04/2026,01500,02,06,15,16,17,37
24/04/2026,01501,20,29,33,36,41,42
26/04/2026,01502,12,18,22,25,31,41
29/04/2026,01503,04,14,15,16,17,25
01/05/2026,01504,04,21,25,31,41,43
03/05/2026,01505,07,09,14,24,38,39
06/05/2026,01506,09,12,28,36,37,40
08/05/2026,01507,04,16,17,26,34,42
10/05/2026,01508,03,04,10,11,27,42
13/05/2026,01509,08,10,15,32,35,43
15/05/2026,01510,06,14,20,22,23,44
17/05/2026,01511,04,08,13,15,27,31
20/05/2026,01512,16,28,29,37,40,45
22/05/2026,01513,02,03,14,28,41,44
24/05/2026,01514,04,08,09,14,25,42
27/05/2026,01515,02,13,17,18,31,37
29/05/2026,01516,13,14,24,28,30,42
31/05/2026,01517,01,12,16,21,24,41
03/06/2026,01518,03,11,26,33,36,38
05/06/2026,01519,13,16,19,32,36,39
07/06/2026,01520,14,21,26,30,34,35
10/06/2026,01521,03,09,17,22,27,32
12/06/2026,01522,05,15,30,34,37,38
14/06/2026,01523,07,16,20,22,24,38
17/06/2026,01524,05,06,16,28,35,39
19/06/2026,01525,06,09,19,29,30,36
21/06/2026,01526,03,08,19,27,41,45
24/06/2026,01527,03,11,17,19,30,32
26/06/2026,01528,09,14,31,36,41,45
28/06/2026,01529,02,11,18,33,42,45
01/07/2026,01530,20,24,25,29,40,44
03/07/2026,01531,06,20,21,28,30,39
05/07/2026,01532,01,05,13,29,32,35
08/07/2026,01533,13,14,22,26,37,44
10/07/2026,01534,09,17,23,26,42,44
12/07/2026,01535,06,09,11,17,35,44
