draw_id,date,jackpot1_w,g1_w,g2_w,g3_w
01043,17/05/2023,0,42,1593,27413
01044,19/05/2023,0,39,1920,32035
01045,21/05/2023,0,33,1828,31645
01046,24/05/2023,0,73,2689,41076
01047,26/05/2023,3,87,2817,41078
01048,28/05/2023,0,22,921,14312
01049,31/05/2023,0,24,921,15416
01050,02/06/2023,1,16,991,15166
01051,04/06/2023,0,19,843,13135
01052,07/06/2023,0,16,846,14316
01053,09/06/2023,0,11,689,12670
01054,11/06/2023,0,12,833,14398
01055,14/06/2023,0,26,840,14904
01056,16/06/2023,0,18,752,14755
01057,18/06/2023,0,20,1139,18221
01058,21/06/2023,0,30,1230,19496
01059,23/06/2023,0,16,1014,18005
01060,25/06/2023,0,23,1136,18632
01061,28/06/2023,0,14,1111,18665
01062,30/06/2023,0,12,1209,20188
01063,02/07/2023,0,32,1312,21204
01064,05/07/2023,1,43,1416,22382
01065,07/07/2023,0,13,868,14005
01066,09/07/2023,0,13,781,13223
01067,12/07/2023,0,21,969,16206
01068,14/07/2023,0,20,1121,17512
01069,16/07/2023,0,31,1091,17479
01070,19/07/2023,0,28,1363,20160
01071,21/07/2023,0,16,1045,18342
01072,23/07/2023,0,17,1247,18637
01073,26/07/2023,0,29,1387,19982
01074,28/07/2023,0,26,1322,21684
01075,30/07/2023,0,29,1374,22570
01076,02/08/2023,1,29,1422,24052
01077,04/08/2023,0,22,981,14777
01078,06/08/2023,0,21,846,14809
01079,09/08/2023,0,17,920,16081
01080,11/08/2023,0,15,878,16499
01081,13/08/2023,1,23,1221,19433
01082,16/08/2023,0,22,1032,16053
01083,18/08/2023,1,19,873,15379
01084,20/08/2023,0,14,944,14900
01085,23/08/2023,0,16,1003,16013
01086,25/08/2023,0,28,1022,15753
01087,27/08/2023,0,22,915,13906
01088,30/08/2023,0,12,902,14993
01089,01/09/2023,0,9,807,13892
01090,03/09/2023,0,18,926,14065
01091,06/09/2023,0,24,1034,16790
01092,08/09/2023,0,24,982,15925
01093,10/09/2023,0,15,978,16787
01094,13/09/2023,0,36,1325,18682
01095,15/09/2023,0,17,1078,17324
01096,17/09/2023,0,21,1096,18528
01097,20/09/2023,0,25,956,16563
01098,22/09/2023,0,13,900,16120
01099,24/09/2023,0,20,1193,18611
01100,27/09/2023,1,29,1129,18857
01101,29/09/2023,0,13,651,11036
01102,01/10/2023,1,69,1131,12621
01103,04/10/2023,0,19,664,11120
01104,06/10/2023,0,16,716,14075
01105,08/10/2023,0,19,894,14274
01106,11/10/2023,0,28,890,15074
01107,13/10/2023,0,32,1112,16382
01108,15/10/2023,0,34,1049,17430
01109,18/10/2023,0,32,1185,21085
01110,20/10/2023,0,22,1090,18888
01111,22/10/2023,0,24,1036,18926
01112,25/10/2023,0,27,1103,19349
01113,27/10/2023,0,38,1360,21741
01114,29/10/2023,0,14,1220,20921
01115,01/11/2023,0,28,1456,24163
01116,03/11/2023,0,40,1708,25289
01117,05/11/2023,0,23,1176,20837
01118,08/11/2023,0,41,1735,27071
01119,10/11/2023,0,32,1691,28670
01120,12/11/2023,0,38,1980,31624
01121,15/11/2023,0,36,2145,36946
01122,17/11/2023,0,31,1791,33459
01123,19/11/2023,0,47,2073,35516
01124,22/11/2023,0,81,2939,48074
01125,24/11/2023,1,70,2741,43210
01126,26/11/2023,0,26,1218,17986
01127,29/11/2023,0,19,902,15645
01128,01/12/2023,0,19,1179,18148
01129,03/12/2023,0,31,885,15157
01130,06/12/2023,0,10,894,16142
01131,08/12/2023,0,23,912,16652
01132,10/12/2023,0,22,1076,19183
01133,13/12/2023,0,25,1382,21758
01134,15/12/2023,0,40,1465,20354
01135,17/12/2023,1,17,1056,18834
01136,20/12/2023,0,15,835,13218
01137,22/12/2023,0,29,912,14135
01138,24/12/2023,0,12,734,13608
01139,27/12/2023,0,22,1018,16768
01140,29/12/2023,0,18,939,15581
01141,31/12/2023,0,20,1124,18011
01142,03/01/2024,0,28,1324,19661
01143,05/01/2024,0,22,1071,17918
01144,07/01/2024,0,31,1396,20874
01145,10/01/2024,0,31,1305,21858
01146,12/01/2024,0,31,1302,22486
01147,14/01/2024,0,37,1509,23263
01148,17/01/2024,0,16,1395,23438
01149,19/01/2024,1,27,1397,24768
01150,21/01/2024,0,19,818,14040
01151,24/01/2024,0,22,1024,16352
01152,26/01/2024,0,23,955,15485
01153,28/01/2024,0,19,956,16299
01154,31/01/2024,0,26,1174,18807
01155,02/02/2024,0,14,861,16457
01156,04/02/2024,0,40,1386,21404
01157,07/02/2024,0,35,1307,21997
01158,11/02/2024,0,21,1349,22912
01159,14/02/2024,0,36,1388,23756
01160,16/02/2024,0,30,1612,26434
01161,18/02/2024,0,25,1537,26502
01162,21/02/2024,0,62,2039,31908
01163,23/02/2024,1,49,1873,30676
01164,25/02/2024,1,35,1227,18324
01165,28/02/2024,1,20,850,14679
01166,01/03/2024,0,22,857,14428
01167,03/03/2024,0,23,1120,18694
01168,06/03/2024,0,23,1148,20046
01169,08/03/2024,0,24,1064,18533
01170,10/03/2024,0,39,1447,23264
01171,13/03/2024,0,18,1117,20487
01172,15/03/2024,1,64,1754,24843
01173,17/03/2024,0,17,973,16566
01174,20/03/2024,0,20,1200,19770
01175,22/03/2024,0,24,1511,22781
01176,24/03/2024,0,20,1232,19648
01177,27/03/2024,0,26,1257,21996
01178,29/03/2024,1,34,1557,24993
01179,31/03/2024,0,22,1087,18134
01180,03/04/2024,2,29,1660,21242
01181,05/04/2024,0,34,1258,19239
01182,07/04/2024,0,21,1418,23190
01183,10/04/2024,0,37,1527,24360
01184,12/04/2024,0,32,1615,26950
01185,14/04/2024,0,33,1453,25874
01186,17/04/2024,0,36,1717,26880
01187,19/04/2024,0,25,1288,22841
01188,21/04/2024,0,24,1340,24355
01189,24/04/2024,0,38,1634,26659
01190,26/04/2024,0,19,1374,24372
01191,28/04/2024,0,33,1497,24885
01192,01/05/2024,0,46,1840,29082
01193,03/05/2024,0,24,1461,24441
01194,05/05/2024,0,31,1624,27795
01195,08/05/2024,0,40,1854,28756
01196,10/05/2024,0,34,1662,30583
01197,12/05/2024,0,32,1925,34750
01198,15/05/2024,0,42,2255,37624
01199,17/05/2024,1,59,2803,41364
01200,19/05/2024,0,34,1563,21877
01201,22/05/2024,0,24,1113,18725
01202,24/05/2024,0,20,996,17103
01203,26/05/2024,0,27,1412,22096
01204,29/05/2024,0,24,1113,19594
01205,31/05/2024,0,30,1282,18951
01206,02/06/2024,0,18,1280,20952
01207,05/06/2024,0,16,1172,20654
01208,07/06/2024,0,27,1436,23080
01209,09/06/2024,0,30,1352,22740
01210,12/06/2024,1,37,1269,23072
01211,14/06/2024,0,32,711,14049
01212,16/06/2024,0,13,888,15806
01213,19/06/2024,0,35,1197,18425
01214,21/06/2024,0,23,1342,19502
01215,23/06/2024,1,27,1256,20562
01216,26/06/2024,0,17,852,14271
01217,28/06/2024,0,12,923,15650
01218,30/06/2024,0,18,1155,18174
01219,03/07/2024,0,38,1128,18265
01220,05/07/2024,1,22,1069,17530
01221,07/07/2024,0,13,907,15988
01222,10/07/2024,0,22,833,15520
01223,12/07/2024,0,24,985,17691
01224,14/07/2024,0,32,1230,19299
01225,17/07/2024,0,29,1335,21505
01226,19/07/2024,0,21,1236,19842
01227,21/07/2024,0,40,1419,22019
01228,24/07/2024,0,23,1155,22401
01229,26/07/2024,0,31,1246,21060
01230,28/07/2024,0,26,1314,21924
01231,31/07/2024,0,47,1654,25706
01232,02/08/2024,0,29,1577,25946
01233,04/08/2024,0,28,1335,24758
01234,07/08/2024,1,66,2323,34786
01235,09/08/2024,0,19,1125,17400
01236,11/08/2024,0,21,988,16585
01237,14/08/2024,1,15,990,18333
01238,16/08/2024,0,27,977,15692
01239,18/08/2024,1,30,1213,18382
01240,21/08/2024,0,20,1187,17864
01241,23/08/2024,0,17,990,16432
01242,25/08/2024,0,20,1058,17804
01243,28/08/2024,0,23,1130,19092
01244,30/08/2024,0,12,1116,18152
01245,01/09/2024,0,31,1054,17400
01246,04/09/2024,0,21,1168,19041
01247,06/09/2024,0,24,1152,18801
01248,08/09/2024,1,25,1184,20017
01249,11/09/2024,0,26,976,15165
01250,13/09/2024,0,30,963,14666
01251,15/09/2024,0,22,1145,16449
01252,18/09/2024,0,19,919,17057
01253,20/09/2024,0,38,977,17058
01254,22/09/2024,0,13,970,17268
01255,25/09/2024,0,23,1197,19813
01256,27/09/2024,0,20,1144,20141
01257,29/09/2024,1,30,1225,20389
01258,02/10/2024,0,20,935,15281
01259,04/10/2024,0,29,1041,16085
01260,06/10/2024,1,21,1031,16964
01261,09/10/2024,1,21,880,14784
01262,11/10/2024,1,21,936,16036
01263,13/10/2024,0,19,1032,16708
01264,16/10/2024,0,25,1210,18101
01265,18/10/2024,0,16,1085,18034
01266,20/10/2024,0,17,950,17717
01267,23/10/2024,0,30,1103,19227
01268,25/10/2024,0,22,1026,18109
01269,27/10/2024,0,28,1281,21390
01270,30/10/2024,0,38,1401,22165
01271,01/11/2024,0,28,1133,21618
01272,03/11/2024,0,37,1395,22254
01273,06/11/2024,0,28,1366,24230
01274,08/11/2024,0,27,1540,25911
01275,10/11/2024,0,36,1540,27009
01276,13/11/2024,0,37,1864,29918
01277,15/11/2024,1,29,1613,28419
01278,17/11/2024,1,16,1005,16568
01279,20/11/2024,0,32,936,14983
01280,22/11/2024,0,12,764,14467
01281,24/11/2024,1,15,979,16450
01282,27/11/2024,0,11,908,15006
01283,29/11/2024,0,15,929,16187
01284,01/12/2024,0,15,1076,17565
01285,04/12/2024,0,26,1345,20124
01286,06/12/2024,0,34,1299,19326
01287,08/12/2024,0,15,1000,18866
01288,11/12/2024,0,29,1357,21213
01289,13/12/2024,0,25,1272,21630
01290,15/12/2024,0,27,1274,21909
01291,18/12/2024,0,34,1552,25012
01292,20/12/2024,0,43,2037,31887
01293,22/12/2024,0,25,1403,24499
01294,25/12/2024,0,37,1870,31943
01295,27/12/2024,0,25,1534,24742
01296,29/12/2024,0,39,1938,30872
01297,01/01/2025,0,42,1938,33480
01298,03/01/2025,0,66,2519,34793
01299,05/01/2025,0,44,2089,34662
01300,08/01/2025,0,55,2156,36718
01301,10/01/2025,0,43,2158,37090
01302,12/01/2025,0,51,2308,38644
01303,15/01/2025,0,62,2806,45622
01304,17/01/2025,0,42,2573,45544
01305,19/01/2025,0,51,2847,48730
01306,22/01/2025,0,69,3871,62629
01307,24/01/2025,0,89,4366,70058
01308,26/01/2025,0,90,4393,72470
01309,31/01/2025,0,87,4420,70504
01310,02/02/2025,1,78,4285,64392
01311,05/02/2025,0,22,1359,22769
01312,07/02/2025,0,37,1434,23965
01313,09/02/2025,0,31,1247,20234
01314,12/02/2025,1,23,1527,23737
01315,14/02/2025,0,25,1104,19155
01316,16/02/2025,0,25,1113,18550
01317,19/02/2025,0,43,1480,21887
01318,21/02/2025,0,26,1401,21309
01319,23/02/2025,0,18,1351,20643
01320,26/02/2025,1,22,1273,21912
01321,28/02/2025,0,27,1138,17757
01322,02/03/2025,0,24,1119,17408
01323,05/03/2025,0,20,1241,19395
01324,07/03/2025,0,30,1560,23208
01325,09/03/2025,0,38,1329,22128
01326,12/03/2025,0,32,1353,21827
01327,14/03/2025,0,29,1449,23837
01328,16/03/2025,0,40,1430,23369
01329,19/03/2025,0,30,1497,25133
01330,21/03/2025,0,27,1236,22298
01331,23/03/2025,0,28,1900,29347
01332,26/03/2025,0,43,1836,30086
01333,28/03/2025,0,39,2051,32233
01334,30/03/2025,1,22,2024,33818
01335,02/04/2025,0,29,1084,17611
01336,04/04/2025,0,19,1072,18051
01337,06/04/2025,0,23,1201,19982
01338,09/04/2025,0,32,1412,22604
01339,11/04/2025,0,29,1205,19959
01340,13/04/2025,0,19,1206,20710
01341,16/04/2025,0,36,1660,24960
01342,18/04/2025,0,20,1274,21149
01343,20/04/2025,0,26,1514,24974
01344,23/04/2025,0,38,1955,28179
01345,25/04/2025,0,27,1821,28785
01346,27/04/2025,0,24,1523,26247
01347,30/04/2025,0,21,1377,23867
01348,02/05/2025,0,28,1694,26401
01349,04/05/2025,0,59,2457,35214
01350,07/05/2025,0,36,1776,32111
01351,09/05/2025,2,34,1596,30410
01352,11/05/2025,0,18,1014,17477
01353,14/05/2025,0,26,1234,18707
01354,16/05/2025,0,28,1336,20039
01355,18/05/2025,0,25,1228,19676
01356,21/05/2025,0,31,1130,19588
01357,23/05/2025,0,16,1137,20502
01358,25/05/2025,0,38,1614,24530
01359,28/05/2025,0,36,1210,21702
01360,30/05/2025,0,31,1448,24098
01361,01/06/2025,0,34,1756,26810
01362,04/06/2025,0,32,1856,29087
01363,06/06/2025,0,23,1519,27795
01364,08/06/2025,0,32,1864,31108
01365,11/06/2025,0,40,1928,33187
01366,13/06/2025,0,50,2057,33472
01367,15/06/2025,0,41,2113,37223
01368,18/06/2025,0,41,2385,40038
01369,20/06/2025,0,44,2415,42215
01370,22/06/2025,0,42,2315,41598
01371,25/06/2025,0,65,3167,51819
01372,27/06/2025,0,47,2804,49217
01373,29/06/2025,1,62,2706,49183
01374,02/07/2025,0,20,1176,18523
01375,04/07/2025,0,16,1282,20528
01376,06/07/2025,2,37,1434,21732
01377,09/07/2025,0,22,1009,17287
01378,11/07/2025,0,33,1179,20581
01379,13/07/2025,0,19,1279,20886
01380,16/07/2025,0,32,1491,23969
01381,18/07/2025,0,21,1383,22005
01382,20/07/2025,0,30,1219,20591
01383,23/07/2025,1,28,1317,21404
01384,25/07/2025,0,10,819,13911
01385,27/07/2025,0,41,1388,19806
01386,30/07/2025,0,22,972,16068
01387,01/08/2025,0,26,911,15883
01388,03/08/2025,0,32,1206,18763
01389,06/08/2025,0,31,1260,19698
01390,08/08/2025,0,18,1142,19773
01391,10/08/2025,0,31,1174,19213
01392,13/08/2025,0,36,1285,20604
01393,15/08/2025,0,34,1290,20307
01394,17/08/2025,0,23,1425,22132
01395,20/08/2025,0,18,1309,21403
01396,22/08/2025,0,26,1306,21773
01397,24/08/2025,0,32,1407,23308
01398,27/08/2025,1,36,1473,23901
01399,29/08/2025,0,15,763,13089
01400,31/08/2025,0,14,852,13973
01401,03/09/2025,0,20,985,15782
01402,05/09/2025,0,17,945,16041
01403,07/09/2025,0,18,1042,17589
01404,10/09/2025,0,30,1414,22165
01405,12/09/2025,0,25,1161,18986
01406,14/09/2025,0,25,1276,21464
01407,17/09/2025,0,30,1426,22824
01408,19/09/2025,0,22,1208,20412
01409,21/09/2025,0,31,1483,23261
01410,24/09/2025,0,18,1264,22491
01411,26/09/2025,0,37,1757,27530
01412,28/09/2025,0,55,2112,30246
01413,01/10/2025,0,38,1947,31358
01414,03/10/2025,0,58,1677,29600
01415,05/10/2025,0,58,2616,37993
01416,08/10/2025,0,57,2879,45168
01417,10/10/2025,0,55,2759,43209
01418,12/10/2025,0,61,2603,42026
01419,15/10/2025,0,55,2684,49337
01420,17/10/2025,0,87,3637,58007
01421,19/10/2025,0,101,3249,52377
01422,22/10/2025,1,93,4758,76055
01423,24/10/2025,0,28,916,15766
01424,26/10/2025,0,11,932,16268
01425,29/10/2025,0,26,1003,17783
01426,31/10/2025,0,18,1068,17591
01427,02/11/2025,0,33,1197,19702
01428,05/11/2025,0,31,1245,19342
01429,07/11/2025,0,27,1101,18441
01430,09/11/2025,0,21,1335,20693
01431,12/11/2025,0,30,1196,19560
01432,14/11/2025,0,33,1346,22287
01433,16/11/2025,0,26,1240,20745
01434,19/11/2025,0,27,1610,24961
01435,21/11/2025,0,44,1874,28509
01436,23/11/2025,0,21,1387,25829
01437,26/11/2025,0,33,1769,28221
01438,28/11/2025,1,35,1784,28679
01439,30/11/2025,0,20,977,15216
01440,03/12/2025,0,17,980,15530
01441,05/12/2025,0,18,1038,16777
01442,07/12/2025,1,20,899,16337
01443,10/12/2025,1,27,937,14952
01444,12/12/2025,0,17,931,14314
01445,14/12/2025,0,18,992,16293
01446,17/12/2025,0,18,1094,16881
01447,19/12/2025,0,23,824,14182
01448,21/12/2025,0,32,1451,22502
01449,24/12/2025,1,34,1310,21043
01450,26/12/2025,0,25,931,14200
01451,28/12/2025,0,16,822,14351
01452,31/12/2025,1,12,960,17568
01453,02/01/2026,0,12,793,13497
01454,04/01/2026,0,30,1082,16635
01455,07/01/2026,0,19,949,17366
01456,09/01/2026,0,33,1301,19764
01457,11/01/2026,0,20,1176,20285
01458,14/01/2026,0,25,1213,20720
01459,16/01/2026,0,15,1248,20292
01460,18/01/2026,0,34,1425,23420
01461,21/01/2026,0,26,1363,23137
01462,23/01/2026,0,22,1433,24325
01463,25/01/2026,0,21,1338,23230
01464,28/01/2026,0,40,1745,26586
01465,30/01/2026,0,28,1373,25968
01466,01/02/2026,1,33,1565,26122
01467,04/02/2026,0,25,1163,18680
01468,06/02/2026,0,26,1025,17642
01469,08/02/2026,0,19,1078,18808
01470,11/02/2026,0,31,1156,19362
01471,13/02/2026,0,30,1409,23134
01472,15/02/2026,0,32,1528,25513
01473,18/02/2026,0,31,1395,24323
01474,20/02/2026,0,18,1261,20905
01475,22/02/2026,0,34,1494,24455
01476,25/02/2026,0,38,1589,27649
01477,27/02/2026,1,28,1592,26607
01478,01/03/2026,0,18,850,15171
01479,04/03/2026,0,18,960,17053
01480,06/03/2026,0,29,1253,18791
01481,08/03/2026,0,15,1073,18030
01482,11/03/2026,0,23,1183,20875
01483,13/03/2026,0,25,1375,21582
01484,15/03/2026,0,33,1343,22256
01485,18/03/2026,0,12,1099,20752
01486,20/03/2026,0,45,1612,24578
01487,22/03/2026,0,41,1518,23637
01488,25/03/2026,0,30,1392,23744
01489,27/03/2026,0,39,1714,27382
01490,29/03/2026,0,25,1561,26967
01491,01/04/2026,0,28,1430,26367
01492,03/04/2026,0,39,1658,27451
01493,05/04/2026,0,28,1809,30528
01494,08/04/2026,0,64,2336,37669
01495,10/04/2026,1,59,2421,40680
01496,12/04/2026,0,26,794,14471
01497,15/04/2026,1,42,1104,15663
01498,17/04/2026,0,16,884,14914
01499,19/04/2026,0,18,976,16141
01500,22/04/2026,0,17,992,17708
01501,24/04/2026,1,16,891,16748
01502,26/04/2026,0,22,840,13961
01503,29/04/2026,0,27,917,16037
01504,01/05/2026,0,16,903,14706
01505,03/05/2026,0,24,1241,19302
01506,06/05/2026,0,20,1198,19924
01507,08/05/2026,0,29,1168,19146
01508,10/05/2026,0,21,1441,21577
01509,13/05/2026,0,29,1395,22263
01510,15/05/2026,0,28,1355,22233
01511,17/05/2026,0,32,1382,22518
01512,20/05/2026,0,45,1397,22585
01513,22/05/2026,0,25,1228,20459
01514,24/05/2026,1,23,1418,23640
01515,27/05/2026,0,15,831,13124
01516,29/05/2026,0,16,846,14492
01517,31/05/2026,0,14,853,15102
01518,03/06/2026,0,31,1161,18741
01519,05/06/2026,0,24,1049,17209
01520,07/06/2026,0,21,1146,18955
01521,10/06/2026,1,30,1283,21461
01522,12/06/2026,0,18,893,14388
01523,14/06/2026,0,26,970,16425
01524,17/06/2026,0,25,1171,18429
01525,19/06/2026,0,31,1393,20773
01526,21/06/2026,0,26,1215,20227
01527,24/06/2026,0,29,1171,19512
01528,26/06/2026,1,25,1334,19528
01529,28/06/2026,0,26,877,14346
01530,01/07/2026,0,15,667,12607
01531,03/07/2026,0,19,1024,17947
01532,05/07/2026,1,13,1012,17610
01533,08/07/2026,0,12,1035,16523
01534,10/07/2026,0,29,1052,17414
01535,12/07/2026,1,29,1301,20527
01536,15/07/2026,0,30,1166,18345
01537,17/07/2026,0,22,1186,18094
01538,19/07/2026,0,26,1076,19341
01539,22/07/2026,0,26,1212,19336
01540,24/07/2026,0,15,1239,20934
01541,26/07/2026,0,18,1260,20478
01542,29/07/2026,0,17,1249,21227
00001,20/07/2016,0,3,222,4242
00002,22/07/2016,0,1,148,3276
00003,24/07/2016,0,5,323,5182
00004,27/07/2016,0,5,333,5431
00005,29/07/2016,0,5,310,5170
00006,31/07/2016,0,5,446,7000
00007,03/08/2016,0,12,496,7254
00008,05/08/2016,0,9,513,8032
00009,07/08/2016,0,6,351,5788
00010,10/08/2016,0,9,557,9195
00011,12/08/2016,0,6,350,6440
00012,14/08/2016,0,26,902,10113
00013,17/08/2016,0,8,673,10472
00014,19/08/2016,0,15,608,10440
00015,21/08/2016,0,5,569,9629
00016,24/08/2016,0,15,599,10625
00017,26/08/2016,0,12,371,7733
00018,28/08/2016,0,9,474,9099
00019,31/08/2016,0,18,613,11047
00020,02/09/2016,0,17,649,11459
00021,04/09/2016,0,7,635,10382
00022,07/09/2016,0,43,1214,17170
00023,09/09/2016,0,24,813,14666
00024,11/09/2016,0,13,846,13890
00025,14/09/2016,0,36,1363,19385
00026,16/09/2016,0,12,673,12773
00027,18/09/2016,0,22,1009,15864
00028,21/09/2016,0,17,951,16757
00029,23/09/2016,0,24,1012,15853
00030,25/09/2016,0,13,730,14744
00031,28/09/2016,0,26,1107,19336
00032,30/09/2016,0,14,957,14569
00033,02/10/2016,0,44,1317,18578
00034,05/10/2016,0,21,1106,20845
00035,07/10/2016,0,20,1048,17134
00036,09/10/2016,0,21,1201,20344
00037,12/10/2016,0,49,2076,30595
00038,14/10/2016,0,66,2445,30221
00039,16/10/2016,1,17,1178,20388
00040,19/10/2016,0,26,1506,25582
00041,21/10/2016,0,44,1913,31209
00042,23/10/2016,0,51,2505,42746
00043,26/10/2016,0,105,4120,69563
00044,28/10/2016,0,47,3437,56659
00045,30/10/2016,0,72,3160,53369
00046,02/11/2016,1,79,4255,66894
00047,04/11/2016,0,69,3393,56670
00048,06/11/2016,0,79,3581,61079
00049,09/11/2016,0,111,5563,93158
00050,11/11/2016,0,90,4637,79638
00051,13/11/2016,1,128,5554,87443
00052,16/11/2016,0,131,6483,109092
00053,18/11/2016,0,120,6130,101233
00054,20/11/2016,1,129,5555,93293
00055,23/11/2016,0,137,6685,111913
00056,25/11/2016,0,95,5266,87124
00057,27/11/2016,1,110,5613,94353
00058,30/11/2016,0,128,6151,103216
00059,02/12/2016,0,95,4740,78792
00060,04/12/2016,0,119,5137,85135
00061,07/12/2016,1,169,6539,113471
00062,09/12/2016,0,102,5292,83781
00063,11/12/2016,0,130,5253,76756
00064,14/12/2016,0,112,6196,97449
00065,16/12/2016,0,95,4340,71908
00066,18/12/2016,0,85,4495,76179
00067,21/12/2016,0,151,8092,138149
00068,23/12/2016,0,160,8884,151358
00069,25/12/2016,2,196,10127,176792
00070,28/12/2016,0,103,5767,95614
00071,30/12/2016,0,101,5458,86880
00072,01/01/2017,1,158,6287,93921
00073,04/01/2017,0,95,5251,87141
00074,06/01/2017,1,87,4203,72269
00075,08/01/2017,0,74,3893,67251
00076,11/01/2017,1,107,4412,76356
00077,13/01/2017,1,100,4117,62391
00078,15/01/2017,0,115,4520,65295
00079,18/01/2017,0,97,4861,77375
00080,20/01/2017,0,74,3419,58607
00081,22/01/2017,0,68,3641,62334
00082,25/01/2017,0,123,5537,89125
00083,29/01/2017,1,145,6399,101133
00084,01/02/2017,0,75,3383,52194
00085,03/02/2017,1,78,3313,55942
00086,05/02/2017,0,49,2736,46235
00087,08/02/2017,0,110,4559,71916
00088,10/02/2017,1,122,4354,65488
00089,12/02/2017,0,74,3384,53287
00090,15/02/2017,0,81,4306,64569
00091,17/02/2017,0,86,4144,62854
00092,19/02/2017,1,81,3669,62482
00093,22/02/2017,0,52,3267,52020
00094,24/02/2017,0,44,2933,49304
00095,26/02/2017,0,71,3839,59545
00096,01/03/2017,1,71,3348,58591
00097,03/03/2017,0,56,2380,39367
00098,05/03/2017,2,55,2695,44111
00099,08/03/2017,0,67,2614,45495
00100,10/03/2017,0,43,2323,40260
00101,12/03/2017,0,52,2581,45027
00102,15/03/2017,0,74,3105,54469
00103,17/03/2017,1,56,3008,53995
00104,19/03/2017,0,43,2168,36379
00105,22/03/2017,0,48,2734,45501
00106,24/03/2017,1,56,2182,38591
00107,26/03/2017,0,48,2467,39046
00108,29/03/2017,0,41,2931,45338
00109,31/03/2017,0,62,2550,38437
00110,02/04/2017,1,76,3468,53130
00111,05/04/2017,0,27,1967,33816
00112,07/04/2017,0,27,1994,33306
00113,09/04/2017,1,33,2404,42322
00114,12/04/2017,0,49,1927,34385
00115,14/04/2017,0,32,1755,31477
00116,16/04/2017,2,70,2555,38962
00117,19/04/2017,0,23,1558,27221
00118,21/04/2017,0,18,1756,31176
00119,23/04/2017,0,38,2212,36734
00120,26/04/2017,0,48,2522,43316
00121,28/04/2017,0,123,4317,60073
00122,30/04/2017,1,117,4183,56100
00123,03/05/2017,0,41,1699,28842
00124,05/05/2017,0,41,2044,31965
00125,07/05/2017,0,41,1936,33806
00126,10/05/2017,0,33,2117,38551
00127,12/05/2017,0,50,2152,36291
00128,14/05/2017,0,83,3547,53386
00129,17/05/2017,0,81,4579,74518
00130,19/05/2017,0,103,4302,69615
00131,21/05/2017,0,116,5190,85810
00132,24/05/2017,1,136,7024,127123
00133,26/05/2017,0,54,1901,29655
00134,28/05/2017,0,59,2123,35085
00135,31/05/2017,0,32,2103,37028
00136,02/06/2017,0,65,2498,40557
00137,04/06/2017,0,30,2441,43688
00138,07/06/2017,0,62,3283,56991
00139,09/06/2017,0,91,3882,61455
00140,11/06/2017,0,91,4313,72695
00141,14/06/2017,1,162,6375,89284
00142,16/06/2017,0,44,1879,31706
00143,18/06/2017,0,74,2682,40018
00144,21/06/2017,1,33,2021,37727
00145,23/06/2017,0,18,1414,23449
00146,25/06/2017,0,32,1846,30330
00147,28/06/2017,0,54,2319,39937
00148,30/06/2017,0,34,1973,34268
00149,02/07/2017,0,51,2578,43348
00150,05/07/2017,0,49,2516,43669
00151,07/07/2017,0,55,2490,45314
00152,09/07/2017,0,72,3814,62587
00153,12/07/2017,0,111,4789,79849
00154,14/07/2017,0,117,5580,85618
00155,16/07/2017,0,112,5224,89502
00156,19/07/2017,1,155,8178,135526
00157,21/07/2017,2,64,2640,38817
00158,23/07/2017,0,54,2214,35056
00159,26/07/2017,0,40,2089,36769
00160,28/07/2017,0,50,2547,41798
00161,30/07/2017,0,50,2998,44299
00162,02/08/2017,0,84,3137,51265
00163,04/08/2017,1,62,3085,48928
00164,06/08/2017,0,31,1750,29465
00165,09/08/2017,0,41,1884,32403
00166,11/08/2017,0,39,1803,30649
00167,13/08/2017,1,52,2375,38090
00168,16/08/2017,0,41,1793,28451
00169,18/08/2017,0,33,1621,25925
00170,20/08/2017,1,33,1813,30582
00171,23/08/2017,0,39,1571,24680
00172,25/08/2017,0,28,1698,26231
00173,27/08/2017,0,51,1798,29749
00174,30/08/2017,0,48,2129,34967
00175,01/09/2017,0,39,2047,32397
00176,03/09/2017,0,27,1886,30351
00177,06/09/2017,0,42,2041,32436
00178,08/09/2017,0,40,1896,31997
00179,10/09/2017,0,26,1889,32963
00180,13/09/2017,0,57,2568,42364
00181,15/09/2017,0,35,2055,35198
00182,17/09/2017,0,51,2363,41385
00183,20/09/2017,0,118,4414,61483
00184,22/09/2017,0,53,2854,48138
00185,24/09/2017,0,75,3098,54245
00186,27/09/2017,1,85,3964,69922
00187,29/09/2017,0,20,1166,20811
00188,01/10/2017,0,28,1465,24788
00189,04/10/2017,0,41,1958,32108
00190,06/10/2017,0,38,1724,27482
00191,08/10/2017,0,67,2186,32852
00192,11/10/2017,0,28,2170,35660
00193,13/10/2017,0,49,2027,35064
00194,15/10/2017,0,28,1886,32544
00195,18/10/2017,1,60,2641,38500
00196,20/10/2017,0,25,1273,20761
00197,22/10/2017,0,22,1262,22398
00198,25/10/2017,0,50,2054,29260
00199,27/10/2017,0,33,1442,24180
00200,29/10/2017,0,27,1562,26325
00201,01/11/2017,0,41,1776,29321
00202,03/11/2017,0,29,1623,27659
00203,05/11/2017,1,40,1633,28531
00204,08/11/2017,0,26,1056,18214
00205,10/11/2017,0,30,1225,20160
00206,12/11/2017,0,69,1416,20775
00207,15/11/2017,1,42,2024,27601
00208,17/11/2017,0,17,1068,18587
00209,19/11/2017,0,15,935,16512
00210,22/11/2017,0,39,1864,27749
00211,24/11/2017,0,32,1294,21783
00212,26/11/2017,0,28,1597,25275
00213,29/11/2017,0,25,1497,25937
00214,01/12/2017,0,31,1578,25357
00215,03/12/2017,0,43,1761,29024
00216,06/12/2017,0,47,1874,29108
00217,08/12/2017,0,31,1961,29879
00218,10/12/2017,0,60,1921,31530
00219,13/12/2017,0,53,2271,36231
00220,15/12/2017,0,34,1964,34965
00221,17/12/2017,0,35,2323,37799
00222,20/12/2017,0,56,2676,42975
00223,22/12/2017,0,63,2609,44289
00224,24/12/2017,0,66,2370,42317
00225,27/12/2017,0,59,3089,47677
00226,29/12/2017,1,101,3651,55822
00227,31/12/2017,0,31,1308,22325
00228,03/01/2018,0,29,1617,26100
00229,05/01/2018,0,20,1348,24699
00230,07/01/2018,0,52,2028,30879
00231,10/01/2018,0,35,1956,31897
00232,12/01/2018,0,67,2349,34695
00233,14/01/2018,0,36,1955,33079
00234,17/01/2018,0,48,2257,38463
00235,19/01/2018,0,42,1884,33988
00236,21/01/2018,0,53,2274,37879
00237,24/01/2018,0,79,2971,44067
00238,26/01/2018,1,69,2864,43242
00239,28/01/2018,0,32,1165,21686
00240,31/01/2018,0,47,1858,28644
00241,02/02/2018,0,47,1863,29353
00242,04/02/2018,0,37,2004,31457
00243,07/02/2018,0,53,2227,35201
00244,09/02/2018,4,52,2359,35705
00245,11/02/2018,0,39,1957,28312
00246,14/02/2018,0,36,1472,26277
00247,18/02/2018,0,27,1464,22927
00248,21/02/2018,0,35,1698,31572
00249,23/02/2018,0,58,2070,33245
00250,25/02/2018,0,64,2145,36414
00251,28/02/2018,0,44,2042,33821
00252,02/03/2018,0,79,2809,40900
00253,04/03/2018,0,53,2318,35614
00254,07/03/2018,0,75,2364,36375
00255,09/03/2018,1,51,2552,40561
00256,11/03/2018,0,33,1414,22749
00257,14/03/2018,0,33,1559,25655
00258,16/03/2018,0,32,1650,26555
00259,18/03/2018,0,28,1441,23468
00260,21/03/2018,0,38,1716,28341
00261,23/03/2018,0,45,1907,29732
00262,25/03/2018,0,30,1582,26101
00263,28/03/2018,0,44,1805,29771
00264,30/03/2018,1,38,2081,33821
00265,01/04/2018,0,31,1466,22375
00266,04/04/2018,0,24,1396,25018
00267,06/04/2018,1,33,1660,26350
00268,08/04/2018,0,24,1131,20802
00269,11/04/2018,0,20,1382,25132
00270,13/04/2018,0,27,1537,24202
00271,15/04/2018,0,38,1419,24618
00272,18/04/2018,0,28,1778,27769
00273,20/04/2018,0,25,1587,25974
00274,22/04/2018,0,35,1642,27347
00275,25/04/2018,0,39,1731,28859
00276,27/04/2018,0,31,1444,25998
00277,29/04/2018,1,40,1567,26030
00278,02/05/2018,0,22,1186,18563
00279,04/05/2018,0,20,1365,22411
00280,06/05/2018,0,17,1141,19896
00281,09/05/2018,0,29,1334,22068
00282,11/05/2018,0,39,1571,24698
00283,13/05/2018,1,18,1355,23285
00284,16/05/2018,0,21,1094,18595
00285,18/05/2018,0,20,1043,18221
00286,20/05/2018,0,25,1252,20803
00287,23/05/2018,0,33,1368,21398
00288,25/05/2018,1,29,1259,21646
00289,27/05/2018,0,12,1160,18535
00290,30/05/2018,0,15,1085,18433
00291,01/06/2018,0,29,1105,18230
00292,03/06/2018,0,27,1190,18436
00293,06/06/2018,0,24,1184,19089
00294,08/06/2018,0,25,1218,20224
00295,10/06/2018,0,27,1288,20933
00296,13/06/2018,0,19,1182,19736
00297,15/06/2018,0,32,1285,22044
00298,17/06/2018,0,10,1082,19841
00299,20/06/2018,0,27,1303,20342
00300,22/06/2018,0,35,1302,21582
00301,24/06/2018,1,34,1632,23868
00302,27/06/2018,0,17,1045,16293
00303,29/06/2018,0,31,1228,17282
00304,01/07/2018,0,20,1049,17050
00305,04/07/2018,0,27,953,16535
00306,06/07/2018,1,22,1003,16420
00307,08/07/2018,0,19,1008,15759
00308,11/07/2018,0,25,1146,17274
00309,13/07/2018,1,18,1026,17611
00310,15/07/2018,0,18,939,14508
00311,18/07/2018,0,25,1010,15167
00312,20/07/2018,0,19,838,14185
00313,22/07/2018,0,14,988,16777
00314,25/07/2018,0,17,1047,17044
00315,27/07/2018,0,28,1071,16468
00316,29/07/2018,0,14,901,16162
00317,01/08/2018,0,24,957,17735
00318,03/08/2018,0,28,1350,20495
00319,05/08/2018,0,23,1136,18095
00320,08/08/2018,0,22,1028,18789
00321,10/08/2018,1,15,1069,18117
00322,12/08/2018,0,24,912,15111
00323,15/08/2018,0,18,853,14849
00324,17/08/2018,1,33,958,15602
00325,19/08/2018,0,25,888,14540
00326,22/08/2018,0,18,823,14638
00327,24/08/2018,0,13,848,14074
00328,26/08/2018,0,14,913,15017
00329,29/08/2018,0,17,1012,15167
00330,31/08/2018,0,22,871,15498
00331,02/09/2018,0,21,768,14328
00332,05/09/2018,0,19,1033,17819
00333,07/09/2018,0,27,1151,18524
00334,09/09/2018,0,14,1024,17464
00335,12/09/2018,0,17,1040,17826
00336,14/09/2018,0,21,1100,17553
00337,16/09/2018,0,15,1060,18140
00338,19/09/2018,0,28,1107,18883
00339,21/09/2018,0,19,1076,18688
00340,23/09/2018,0,19,1155,18958
00341,26/09/2018,0,21,1455,23118
00342,28/09/2018,0,23,1334,22636
00343,30/09/2018,0,21,1177,20198
00344,03/10/2018,0,36,1718,24705
00345,05/10/2018,0,33,1381,23418
00346,07/10/2018,0,20,1268,23167
00347,10/10/2018,1,29,1552,26183
00348,12/10/2018,0,15,893,14992
00349,14/10/2018,0,28,1041,15477
00350,17/10/2018,0,23,875,14621
00351,19/10/2018,0,15,776,13698
00352,21/10/2018,0,24,1037,16373
00353,24/10/2018,0,25,1121,16947
00354,26/10/2018,0,23,921,15469
00355,28/10/2018,0,28,1253,18672
00356,31/10/2018,0,25,1010,16762
00357,02/11/2018,0,27,1217,19837
00358,04/11/2018,0,28,1134,19060
00359,07/11/2018,0,38,1280,20227
00360,09/11/2018,0,34,1351,20913
00361,11/11/2018,0,19,1077,19095
00362,14/11/2018,0,28,1296,21256
00363,16/11/2018,1,45,1526,23536
00364,18/11/2018,0,12,826,14030
00365,21/11/2018,0,21,1050,15944
00366,23/11/2018,0,13,985,15387
00367,25/11/2018,0,27,953,14191
00368,28/11/2018,0,14,895,15331
00369,30/11/2018,0,38,1196,17693
00370,02/12/2018,0,24,1077,17509
00371,05/12/2018,1,25,1188,18267
00372,07/12/2018,1,12,745,12760
00373,09/12/2018,0,16,728,12147
00374,12/12/2018,0,18,867,13250
00375,14/12/2018,0,11,757,12986
00376,16/12/2018,0,17,822,12731
00377,19/12/2018,0,27,784,13564
00378,21/12/2018,0,27,1006,14842
00379,23/12/2018,0,21,1044,15726
00380,26/12/2018,0,16,835,14223
00381,28/12/2018,0,21,970,15416
00382,30/12/2018,0,16,955,15385
00383,02/01/2019,0,21,891,15446
00384,04/01/2019,0,16,1041,17173
00385,06/01/2019,0,22,1189,18903
00386,09/01/2019,0,22,1008,17741
00387,11/01/2019,0,25,1156,18900
00388,13/01/2019,0,20,919,16991
00389,16/01/2019,0,20,1077,18823
00390,18/01/2019,0,14,1375,22815
00391,20/01/2019,0,25,1284,21872
00392,23/01/2019,0,14,1467,25586
00393,25/01/2019,0,36,1494,24596
00394,27/01/2019,0,44,1992,29822
00395,30/01/2019,0,16,1660,27981
00396,01/02/2019,3,84,2242,32988
00397,03/02/2019,0,13,982,16804
00398,06/02/2019,0,17,748,12379
00399,08/02/2019,0,10,722,11293
00400,10/02/2019,0,16,892,14600
00401,13/02/2019,0,22,1093,18161
00402,15/02/2019,0,30,1109,17557
00403,17/02/2019,1,59,1029,17088
00404,20/02/2019,0,28,963,14502
00405,22/02/2019,0,19,831,14306
00406,24/02/2019,0,21,846,13951
00407,27/02/2019,0,40,1179,16382
00408,01/03/2019,0,17,909,14393
00409,03/03/2019,0,12,877,14886
00410,06/03/2019,0,22,1012,16235
00411,08/03/2019,0,23,953,15887
00412,10/03/2019,1,18,1145,17867
00413,13/03/2019,0,34,1070,13801
00414,15/03/2019,0,25,870,14640
00415,17/03/2019,0,29,1105,15576
00416,20/03/2019,0,29,1010,15119
00417,22/03/2019,0,13,871,14393
00418,24/03/2019,0,11,814,14508
00419,27/03/2019,0,26,1078,16892
00420,29/03/2019,0,15,917,15485
00421,31/03/2019,0,15,1085,17793
00422,03/04/2019,0,24,1065,18572
00423,05/04/2019,0,23,1128,18453
00424,07/04/2019,0,19,1083,18993
00425,10/04/2019,0,21,1286,21151
00426,12/04/2019,0,26,1425,23289
00427,14/04/2019,1,21,1015,19036
00428,17/04/2019,1,19,770,12946
00429,19/04/2019,0,22,889,13140
00430,21/04/2019,0,16,735,11891
00431,24/04/2019,0,14,838,13850
00432,26/04/2019,0,22,745,12598
00433,28/04/2019,0,18,755,12659
00434,01/05/2019,0,14,661,11369
00435,03/05/2019,1,18,742,13289
00436,05/05/2019,0,9,676,11367
00437,08/05/2019,0,13,754,12592
00438,10/05/2019,0,8,708,12653
00439,12/05/2019,0,11,779,13370
00440,15/05/2019,0,19,707,13221
00441,17/05/2019,0,21,931,14250
00442,19/05/2019,0,19,900,14587
00443,22/05/2019,0,13,804,14506
00444,24/05/2019,0,10,768,13012
00445,26/05/2019,0,26,1043,15998
00446,29/05/2019,0,19,941,15534
00447,31/05/2019,0,18,1036,16259
00448,02/06/2019,0,22,874,15017
00449,05/06/2019,0,20,926,15716
00450,07/06/2019,0,21,916,15081
00451,09/06/2019,1,13,906,15308
00452,12/06/2019,0,12,683,11253
00453,14/06/2019,0,16,688,11136
00454,16/06/2019,0,18,634,11785
00455,19/06/2019,0,12,722,12321
00456,21/06/2019,0,11,704,11773
00457,23/06/2019,0,12,837,13698
00458,26/06/2019,0,10,825,13662
00459,28/06/2019,0,16,770,12897
00460,30/06/2019,0,13,822,13884
00461,03/07/2019,0,21,971,15357
00462,05/07/2019,0,23,799,13795
00463,07/07/2019,0,14,897,15139
00464,10/07/2019,1,14,1047,17186
00465,12/07/2019,0,17,670,10245
00466,14/07/2019,0,16,673,11490
00467,17/07/2019,0,17,824,12179
00468,19/07/2019,0,19,834,13056
00469,21/07/2019,0,19,765,11969
00470,24/07/2019,0,14,635,11869
00471,26/07/2019,0,18,763,13117
00472,28/07/2019,0,7,776,12591
00473,31/07/2019,0,25,1034,16594
00474,02/08/2019,0,22,1012,15433
00475,04/08/2019,0,16,790,13880
00476,07/08/2019,0,17,779,14034
00477,09/08/2019,0,26,972,15267
00478,11/08/2019,0,22,961,15474
00479,14/08/2019,0,20,855,14855
00480,16/08/2019,0,14,915,16248
00481,18/08/2019,0,22,987,16944
00482,21/08/2019,0,29,1123,17782
00483,23/08/2019,0,19,1253,20309
00484,25/08/2019,0,20,1290,19053
00485,28/08/2019,0,39,1275,20001
00486,30/08/2019,0,24,1367,22476
00487,01/09/2019,0,17,1178,20097
00488,04/09/2019,0,36,1325,22657
00489,06/09/2019,0,50,1516,23372
00490,08/09/2019,0,51,2138,28471
00491,11/09/2019,0,27,1311,24917
00492,13/09/2019,0,34,1616,27028
00493,15/09/2019,0,33,1737,31595
00494,18/09/2019,0,66,2751,38019
00495,20/09/2019,2,117,3480,43740
00496,22/09/2019,0,16,781,12729
00497,25/09/2019,0,13,748,12635
00498,27/09/2019,0,22,891,13451
00499,29/09/2019,0,15,973,14995
00500,02/10/2019,0,16,794,13566
00501,04/10/2019,0,19,782,13405
00502,06/10/2019,0,18,747,12737
00503,09/10/2019,0,31,951,15003
00504,11/10/2019,1,14,897,15192
00505,13/10/2019,0,19,600,10352
00506,16/10/2019,0,17,632,10858
00507,18/10/2019,0,12,652,11526
00508,20/10/2019,0,17,733,12307
00509,23/10/2019,0,16,904,14386
00510,25/10/2019,0,16,810,13575
00511,27/10/2019,0,15,729,12371
00512,30/10/2019,0,28,1013,16234
00513,01/11/2019,0,12,847,14003
00514,03/11/2019,0,28,844,13669
00515,06/11/2019,1,38,1014,15743
00516,08/11/2019,1,15,708,11333
00517,10/11/2019,0,5,614,10774
00518,13/11/2019,0,13,652,11368
00519,15/11/2019,0,19,661,11224
00520,17/11/2019,0,12,683,12441
00521,20/11/2019,0,10,684,11659
00522,22/11/2019,0,25,994,15436
00523,24/11/2019,0,13,758,13544
00524,27/11/2019,0,25,946,15580
00525,29/11/2019,0,19,719,13820
00526,01/12/2019,0,15,848,14632
00527,04/12/2019,0,16,1019,16157
00528,06/12/2019,0,16,873,14863
00529,08/12/2019,0,11,932,15745
00530,11/12/2019,0,15,1046,17261
00531,13/12/2019,0,25,1135,18579
00532,15/12/2019,0,21,1052,18750
00533,18/12/2019,0,33,1605,23142
00534,20/12/2019,0,31,1295,19904
00535,22/12/2019,0,22,1352,22246
00536,25/12/2019,0,29,1250,21772
00537,27/12/2019,0,26,1252,23318
00538,29/12/2019,1,48,1540,24319
00539,01/01/2020,0,19,829,13625
00540,03/01/2020,0,19,767,13611
00541,05/01/2020,0,41,1287,17774
00542,08/01/2020,0,23,926,15206
00543,10/01/2020,0,23,909,15362
00544,12/01/2020,0,27,1334,18655
00545,15/01/2020,0,29,1037,18007
00546,17/01/2020,0,24,1044,18296
00547,19/01/2020,0,31,1251,19337
00548,22/01/2020,0,23,1058,18459
00549,26/01/2020,0,30,1183,18837
00550,29/01/2020,0,18,1034,16394
00551,31/01/2020,1,30,1398,20904
00552,02/02/2020,0,7,787,12887
00553,05/02/2020,0,15,900,15353
00554,07/02/2020,0,25,833,13487
00555,09/02/2020,0,8,935,13757
00556,12/02/2020,0,18,891,14790
00557,14/02/2020,0,32,958,14674
00558,16/02/2020,0,13,759,12677
00559,19/02/2020,0,21,847,15646
00560,21/02/2020,0,19,787,13993
00561,23/02/2020,0,21,1049,16421
00562,26/02/2020,0,35,1238,18771
00563,28/02/2020,0,13,930,16671
00564,01/03/2020,0,25,997,17870
00565,04/03/2020,0,32,1209,19063
00566,06/03/2020,0,33,1323,21204
00567,08/03/2020,0,30,1300,20998
00568,11/03/2020,0,23,1418,22113
00569,13/03/2020,0,33,1581,24725
00570,15/03/2020,0,31,1588,24547
00571,18/03/2020,1,13,1219,22398
00572,20/03/2020,0,13,773,12383
00573,22/03/2020,0,10,875,13961
00574,25/03/2020,1,12,675,11957
00575,27/03/2020,0,12,661,11442
00576,29/03/2020,0,6,664,11464
00577,24/04/2020,0,10,621,10628
00578,26/04/2020,0,15,689,12086
00579,29/04/2020,0,8,942,15272
00580,01/05/2020,0,11,710,12607
00581,03/05/2020,0,16,806,14384
00582,06/05/2020,0,20,962,16088
00583,08/05/2020,0,25,1142,17075
00584,10/05/2020,0,17,1014,17364
00585,13/05/2020,0,27,1183,18134
00586,15/05/2020,0,31,1099,17738
00587,17/05/2020,0,25,904,15472
00588,20/05/2020,0,40,1292,20040
00589,22/05/2020,0,28,1229,19443
00590,24/05/2020,0,25,879,16725
00591,27/05/2020,0,21,1155,20938
00592,29/05/2020,0,24,1270,20871
00593,31/05/2020,0,26,1327,20992
00594,03/06/2020,0,25,1241,21772
00595,05/06/2020,0,34,1393,22956
00596,07/06/2020,0,53,2326,31276
00597,10/06/2020,0,29,1674,28765
00598,12/06/2020,0,36,1612,26216
00599,14/06/2020,0,46,1911,29107
00600,17/06/2020,0,39,1936,33745
00601,19/06/2020,2,45,2219,35925
00602,21/06/2020,0,22,883,14258
00603,24/06/2020,0,7,768,12902
00604,26/06/2020,0,18,738,12926
00605,28/06/2020,0,21,849,13004
00606,01/07/2020,0,11,729,14071
00607,03/07/2020,0,37,930,14276
00608,05/07/2020,0,16,892,14858
00609,08/07/2020,0,12,859,14093
00610,10/07/2020,0,21,884,14644
00611,12/07/2020,0,23,884,14811
00612,15/07/2020,0,27,1166,18372
00613,17/07/2020,0,25,1350,18291
00614,19/07/2020,0,19,949,18027
00615,22/07/2020,0,27,1280,20333
00616,24/07/2020,0,19,1003,17650
00617,26/07/2020,0,38,1428,21309
00618,29/07/2020,0,40,1562,23332
00619,31/07/2020,0,29,1515,24155
00620,02/08/2020,0,18,1241,22805
00621,05/08/2020,0,39,1602,26088
00622,07/08/2020,1,36,1802,27471
00623,09/08/2020,0,23,740,12506
00624,12/08/2020,0,22,790,13278
00625,14/08/2020,0,13,738,12530
00626,16/08/2020,1,7,729,13507
00627,19/08/2020,0,16,682,12466
00628,21/08/2020,0,15,736,12283
00629,23/08/2020,0,20,834,13792
00630,26/08/2020,0,17,873,14051
00631,28/08/2020,0,14,670,11789
00632,30/08/2020,0,15,912,14327
00633,02/09/2020,0,11,920,13588
00634,04/09/2020,0,12,756,13166
00635,06/09/2020,0,14,944,15463
00636,09/09/2020,0,16,867,14630
00637,11/09/2020,0,18,878,15083
00638,13/09/2020,0,10,854,15135
00639,16/09/2020,0,27,976,16185
00640,18/09/2020,0,20,872,15537
00641,20/09/2020,0,39,1361,18706
00642,23/09/2020,0,27,1057,17060
00643,25/09/2020,1,14,1091,18180
00644,27/09/2020,0,18,783,11192
00645,30/09/2020,0,15,690,11080
00646,02/10/2020,0,10,629,11077
00647,04/10/2020,0,21,903,14560
00648,07/10/2020,0,8,741,12384
00649,09/10/2020,0,16,702,13083
00650,11/10/2020,0,23,816,14200
00651,14/10/2020,0,30,955,14802
00652,16/10/2020,0,13,804,14389
00653,18/10/2020,1,16,818,13629
00654,21/10/2020,0,9,622,10869
00655,23/10/2020,0,16,757,12730
00656,25/10/2020,1,12,747,12376
00657,28/10/2020,0,13,686,11869
00658,30/10/2020,0,12,790,12456
00659,01/11/2020,0,19,684,11520
00660,04/11/2020,0,33,1024,14564
00661,06/11/2020,0,12,754,12378
00662,08/11/2020,0,20,930,14733
00663,11/11/2020,0,9,951,15281
00664,13/11/2020,0,16,810,13540
00665,15/11/2020,0,16,843,14669
00666,18/11/2020,0,23,1015,16202
00667,20/11/2020,0,20,835,13742
00668,22/11/2020,0,21,947,15255
00669,25/11/2020,0,8,1024,17586
00670,27/11/2020,0,23,954,16447
00671,29/11/2020,0,23,1023,17211
00672,02/12/2020,0,23,1134,19468
00673,04/12/2020,0,18,1050,16889
00674,06/12/2020,0,19,1081,18516
00675,09/12/2020,0,22,1134,19419
00676,11/12/2020,0,19,1116,21033
00677,13/12/2020,0,24,1297,22820
00678,16/12/2020,0,35,1359,22947
00679,18/12/2020,0,35,1878,28033
00680,20/12/2020,0,39,1876,27842
00681,23/12/2020,0,27,1647,29666
00682,25/12/2020,0,47,2089,34899
00683,27/12/2020,0,39,2167,34272
00684,30/12/2020,0,54,2536,41976
00685,01/01/2021,1,123,3167,44092
00686,03/01/2021,0,12,869,13666
00687,06/01/2021,0,26,866,14412
00688,08/01/2021,0,17,868,15534
00689,10/01/2021,0,19,983,16356
00690,13/01/2021,1,17,929,16505
00691,15/01/2021,1,20,891,13949
00692,17/01/2021,0,13,738,13229
00693,20/01/2021,0,19,996,15230
00694,22/01/2021,0,12,912,15377
00695,24/01/2021,0,19,987,16863
00696,27/01/2021,0,14,1155,18049
00697,29/01/2021,0,20,1054,18157
00698,31/01/2021,0,21,1007,17520
00699,03/02/2021,1,37,1426,21022
00700,05/02/2021,0,12,851,13154
00701,07/02/2021,0,20,877,15583
00702,10/02/2021,0,18,987,17184
00703,14/02/2021,0,23,973,15597
00704,17/02/2021,0,22,1347,19360
00705,19/02/2021,0,27,1167,19417
00706,21/02/2021,0,24,1269,21651
00707,24/02/2021,0,20,1096,18585
00708,26/02/2021,0,22,1183,20043
00709,28/02/2021,0,24,1207,20080
00710,03/03/2021,0,20,1114,19595
00711,05/03/2021,0,30,1533,23867
00712,07/03/2021,0,23,1422,22546
00713,10/03/2021,0,28,1488,25107
00714,12/03/2021,1,21,1424,22761
00715,14/03/2021,0,24,900,14636
00716,17/03/2021,0,21,1012,15895
00717,19/03/2021,0,13,848,14548
00718,21/03/2021,0,16,1069,17102
00719,24/03/2021,0,22,1259,19896
00720,26/03/2021,0,19,1119,19008
00721,28/03/2021,1,15,988,16971
00722,31/03/2021,0,13,752,13976
00723,02/04/2021,0,16,806,15158
00724,04/04/2021,0,17,793,14560
00725,07/04/2021,0,25,1131,16570
00726,09/04/2021,0,28,1147,17684
00727,11/04/2021,0,14,986,16260
00728,14/04/2021,0,24,986,18525
00729,16/04/2021,0,30,1379,20617
00730,18/04/2021,0,34,1272,20410
00731,21/04/2021,0,22,1554,20118
00732,23/04/2021,0,30,1068,18189
00733,25/04/2021,0,31,1216,20201
00734,28/04/2021,0,27,1113,18245
00735,30/04/2021,0,12,1343,20306
00736,02/05/2021,0,12,1302,21957
00737,05/05/2021,0,29,1440,24095
00738,07/05/2021,0,27,1433,27001
00739,09/05/2021,0,48,1806,30099
00740,12/05/2021,1,65,2160,34812
00741,14/05/2021,1,21,889,14264
00742,16/05/2021,0,25,846,12520
00743,19/05/2021,0,14,917,14619
00744,21/05/2021,0,15,762,13749
00745,23/05/2021,0,15,912,15456
00746,26/05/2021,0,21,868,15480
00747,28/05/2021,0,19,791,14647
00748,30/05/2021,0,32,1201,18144
00749,02/06/2021,0,17,925,15753
00750,04/06/2021,0,17,940,15583
00751,06/06/2021,0,24,1027,17741
00752,09/06/2021,1,22,1216,18521
00753,11/06/2021,0,5,685,12408
00754,13/06/2021,0,11,803,14088
00755,16/06/2021,0,16,969,15590
00756,18/06/2021,0,20,765,13592
00757,20/06/2021,0,23,802,14467
00758,23/06/2021,0,13,910,15594
00759,25/06/2021,0,10,942,16641
00760,27/06/2021,0,27,977,16751
00761,30/06/2021,0,13,1040,16658
00762,02/07/2021,0,13,937,15812
00763,04/07/2021,0,32,972,16393
00764,07/07/2021,0,15,929,17106
00765,09/07/2021,0,23,1136,18237
00766,11/07/2021,1,14,1049,17162
00767,14/07/2021,0,15,793,11732
00768,16/07/2021,0,23,831,12090
00769,18/07/2021,0,19,844,13262
00770,21/07/2021,0,15,652,10877
00771,23/07/2021,0,17,609,9659
00772,18/08/2021,0,19,653,9973
00773,20/08/2021,0,3,362,5695
00774,22/08/2021,0,11,406,6837
00775,25/08/2021,0,12,463,7924
00776,27/08/2021,0,11,516,8176
00777,29/08/2021,0,4,409,6986
00778,01/09/2021,0,9,446,8169
00779,03/09/2021,0,11,589,8794
00780,05/09/2021,0,10,448,7674
00781,08/09/2021,0,11,560,9398
00782,10/09/2021,0,13,480,9179
00783,12/09/2021,2,23,750,11647
00784,15/09/2021,0,13,483,7669
00785,17/09/2021,0,7,577,8982
00786,19/09/2021,0,7,548,9519
00787,22/09/2021,0,26,918,12187
00788,24/09/2021,0,18,635,9897
00789,26/09/2021,0,12,704,10302
00790,29/09/2021,0,16,799,12748
00791,01/10/2021,0,18,701,11189
00792,03/10/2021,0,6,709,12096
00793,06/10/2021,0,12,967,14737
00794,08/10/2021,0,36,1187,15500
00795,10/10/2021,0,24,939,15257
00796,13/10/2021,0,14,822,15428
00797,15/10/2021,1,18,1195,17257
00798,17/10/2021,0,25,793,13242
00799,20/10/2021,0,14,828,13446
00800,22/10/2021,0,11,773,14206
00801,24/10/2021,0,24,782,13841
00802,27/10/2021,0,29,913,15036
00803,29/10/2021,0,13,834,13340
00804,31/10/2021,0,16,1072,16772
00805,03/11/2021,0,18,947,16944
00806,05/11/2021,0,27,1125,16896
00807,07/11/2021,0,16,1030,17718
00808,10/11/2021,0,30,1174,19574
00809,12/11/2021,0,26,1182,19640
00810,14/11/2021,0,32,1282,21647
00811,17/11/2021,0,19,1474,23654
00812,19/11/2021,0,43,1622,26009
00813,21/11/2021,0,34,1701,27481
00814,24/11/2021,0,39,1705,28085
00815,26/11/2021,0,34,1471,26760
00816,28/11/2021,0,49,2297,35169
00817,01/12/2021,0,38,1789,31669
00818,03/12/2021,0,23,1568,29952
00819,05/12/2021,0,41,1988,35904
00820,08/12/2021,1,53,2046,35683
00821,10/12/2021,0,13,928,15479
00822,12/12/2021,0,17,965,16237
00823,15/12/2021,0,13,1071,17477
00824,17/12/2021,0,23,1044,17892
00825,19/12/2021,1,31,1213,19203
00826,22/12/2021,0,19,1053,17156
00827,24/12/2021,0,16,928,16116
00828,26/12/2021,1,23,1166,18758
00829,29/12/2021,0,13,787,14436
00830,31/12/2021,0,21,964,15941
00831,02/01/2022,0,23,1003,16498
00832,05/01/2022,0,20,969,17593
00833,07/01/2022,0,28,1063,18275
00834,09/01/2022,0,31,1397,21832
00835,12/01/2022,1,46,1362,21287
00836,14/01/2022,0,29,1069,16417
00837,16/01/2022,0,15,971,15122
00838,19/01/2022,0,13,1021,16442
00839,21/01/2022,0,25,969,16200
00840,23/01/2022,0,27,970,16340
00841,26/01/2022,0,32,1410,21684
00842,28/01/2022,0,28,1502,22442
00843,30/01/2022,0,29,1354,21686
00844,02/02/2022,0,22,1056,18957
00845,04/02/2022,0,16,1046,18580
00846,06/02/2022,0,25,1441,22377
00847,09/02/2022,0,29,1522,24573
00848,11/02/2022,0,37,1560,25526
00849,13/02/2022,0,21,1217,21289
00850,16/02/2022,1,31,1816,27072
00851,18/02/2022,0,17,897,14896
00852,20/02/2022,0,15,886,15115
00853,23/02/2022,0,23,919,16582
00854,25/02/2022,0,24,888,15187
00855,27/02/2022,0,25,1024,17110
00856,02/03/2022,0,16,957,16922
00857,04/03/2022,0,24,1104,18734
00858,06/03/2022,0,15,1001,18002
00859,09/03/2022,0,21,1186,20727
00860,11/03/2022,0,31,1096,19395
00861,13/03/2022,1,16,1251,20889
00862,16/03/2022,0,10,833,14064
00863,18/03/2022,0,10,810,13685
00864,20/03/2022,0,24,1084,16380
00865,23/03/2022,0,6,777,14324
00866,25/03/2022,0,15,835,14115
00867,27/03/2022,0,23,1148,17596
00868,30/03/2022,1,32,1035,17596
00869,01/04/2022,0,18,771,12527
00870,03/04/2022,0,18,836,14127
00871,06/04/2022,0,12,843,14973
00872,08/04/2022,0,16,879,14420
00873,10/04/2022,0,22,1010,16188
00874,13/04/2022,0,13,978,16552
00875,15/04/2022,0,20,1186,18953
00876,17/04/2022,0,24,1198,18932
00877,20/04/2022,0,27,1180,19371
00878,22/04/2022,0,17,1157,19603
00879,24/04/2022,0,21,1274,21604
00880,27/04/2022,1,26,1540,23355
00881,29/04/2022,0,24,885,13925
00882,01/05/2022,0,18,791,12766
00883,04/05/2022,0,17,874,14422
00884,06/05/2022,0,17,876,14878
00885,08/05/2022,0,17,994,16140
00886,11/05/2022,0,30,1025,17700
00887,13/05/2022,0,25,969,16983
00888,15/05/2022,0,19,984,17246
00889,18/05/2022,0,27,1295,19331
00890,20/05/2022,0,24,1065,18205
00891,22/05/2022,0,29,1168,18995
00892,25/05/2022,1,28,1266,21478
00893,27/05/2022,0,25,784,12281
00894,29/05/2022,0,21,1003,13916
00895,01/06/2022,0,18,993,14935
00896,03/06/2022,0,19,836,14298
00897,05/06/2022,0,18,927,15355
00898,08/06/2022,0,21,1124,17341
00899,10/06/2022,0,14,919,15658
00900,12/06/2022,0,15,1073,17270
00901,15/06/2022,0,14,1067,18620
00902,17/06/2022,0,32,1347,19105
00903,19/06/2022,0,19,969,16901
00904,22/06/2022,0,22,1112,20653
00905,24/06/2022,0,42,1456,22966
00906,26/06/2022,0,36,1501,24565
00907,29/06/2022,0,37,1281,25584
00908,01/07/2022,0,21,1509,25810
00909,03/07/2022,0,31,2107,30979
00910,06/07/2022,1,46,2051,32568
00911,08/07/2022,0,27,1287,17744
00912,10/07/2022,0,15,822,15006
00913,13/07/2022,1,40,1017,17081
00914,15/07/2022,0,17,730,13608
00915,17/07/2022,0,12,876,15176
00916,20/07/2022,0,32,1105,17333
00917,22/07/2022,0,31,951,15906
00918,24/07/2022,0,17,1034,16820
00919,27/07/2022,0,27,1126,18457
00920,29/07/2022,0,32,1376,20683
00921,31/07/2022,0,27,1238,19034
00922,03/08/2022,0,24,1034,18645
00923,05/08/2022,0,21,876,16787
00924,07/08/2022,0,28,1350,21491
00925,10/08/2022,0,31,1349,22875
00926,12/08/2022,0,34,1519,22779
00927,14/08/2022,0,22,1317,21347
00928,17/08/2022,0,37,1581,25412
00929,19/08/2022,1,76,1922,26349
00930,21/08/2022,0,16,899,14850
00931,24/08/2022,0,28,823,14232
00932,26/08/2022,0,16,734,13337
00933,28/08/2022,0,15,905,15413
00934,31/08/2022,0,20,917,15942
00935,02/09/2022,0,16,788,14628
00936,04/09/2022,0,37,1294,19436
00937,07/09/2022,0,19,1299,21347
00938,09/09/2022,0,21,1097,19700
00939,11/09/2022,0,27,1084,17631
00940,14/09/2022,0,24,1371,22015
00941,16/09/2022,0,32,1341,21596
00942,18/09/2022,1,47,1581,24131
00943,21/09/2022,0,15,871,14638
00944,23/09/2022,0,18,788,14836
00945,25/09/2022,0,21,793,14773
00946,28/09/2022,0,17,953,16363
00947,30/09/2022,0,24,1131,17869
00948,02/10/2022,1,17,971,17210
00949,05/10/2022,0,18,990,15944
00950,07/10/2022,0,19,793,14206
00951,09/10/2022,0,15,1014,17746
00952,12/10/2022,0,21,1223,18782
00953,14/10/2022,0,18,928,16342
00954,16/10/2022,0,21,1297,19525
00955,19/10/2022,0,25,1221,19955
00956,21/10/2022,0,16,989,18466
00957,23/10/2022,0,32,1250,19271
00958,26/10/2022,0,29,1178,20480
00959,28/10/2022,0,15,1127,19038
00960,30/10/2022,0,17,1307,20863
00961,02/11/2022,0,33,1512,24221
00962,04/11/2022,0,45,1623,26077
00963,06/11/2022,0,27,1797,29173
00964,09/11/2022,0,62,2023,33642
00965,11/11/2022,0,28,1806,33272
00966,13/11/2022,1,34,1655,29161
00967,16/11/2022,0,21,900,15111
00968,18/11/2022,0,5,793,14863
00969,20/11/2022,0,14,860,14925
00970,23/11/2022,0,14,918,16183
00971,25/11/2022,1,16,893,15776
00972,27/11/2022,0,19,687,12763
00973,30/11/2022,0,20,1097,17206
00974,02/12/2022,1,18,962,15586
00975,04/12/2022,0,15,1089,16580
00976,07/12/2022,0,27,1191,18318
00977,09/12/2022,0,20,909,16184
00978,11/12/2022,0,31,1340,20036
00979,14/12/2022,0,24,1031,19355
00980,16/12/2022,0,32,1406,22518
00981,18/12/2022,0,41,1380,21511
00982,21/12/2022,0,34,1519,24555
00983,23/12/2022,0,25,1360,22153
00984,25/12/2022,0,29,1372,22442
00985,28/12/2022,0,19,1287,23429
00986,30/12/2022,0,40,1466,24885
00987,01/01/2023,0,30,1524,23608
00988,04/01/2023,0,43,1570,25848
00989,06/01/2023,0,31,1659,26245
00990,08/01/2023,0,28,1548,26215
00991,11/01/2023,1,46,1995,30864
00992,13/01/2023,0,17,937,15672
00993,15/01/2023,0,20,1133,18386
00994,20/01/2023,0,50,1475,23940
00995,25/01/2023,0,28,1102,19302
00996,27/01/2023,0,19,1095,18662
00997,29/01/2023,0,19,1026,18196
00998,01/02/2023,0,22,1084,19505
00999,03/02/2023,0,29,1133,19206
01000,05/02/2023,0,29,1261,20845
01001,08/02/2023,0,36,1600,23600
01002,10/02/2023,0,28,1664,26501
01003,12/02/2023,0,30,1700,27864
01004,15/02/2023,0,34,1663,29392
01005,17/02/2023,0,49,2036,33358
01006,19/02/2023,0,43,1979,31792
01007,22/02/2023,0,51,2338,39630
01008,24/02/2023,0,49,2192,35356
01009,26/02/2023,0,47,2444,41868
01010,01/03/2023,2,59,3101,48675
01011,03/03/2023,0,16,792,14455
01012,05/03/2023,0,19,911,16310
01013,08/03/2023,0,21,1085,17257
01014,10/03/2023,0,24,1156,17148
01015,12/03/2023,0,39,1103,16711
01016,15/03/2023,0,30,1141,19544
01017,17/03/2023,0,25,1311,20099
01018,19/03/2023,0,26,1382,19960
01019,22/03/2023,0,27,1226,20102
01020,24/03/2023,0,24,1101,19684
01021,26/03/2023,0,22,1380,21185
01022,29/03/2023,0,50,1679,25976
01023,31/03/2023,0,50,1872,26806
01024,02/04/2023,0,21,1488,24763
01025,05/04/2023,0,30,1930,33216
01026,07/04/2023,0,36,1980,31965
01027,09/04/2023,0,43,1828,30263
01028,12/04/2023,1,55,2255,37366
01029,14/04/2023,0,21,881,13685
01030,16/04/2023,0,16,798,13972
01031,19/04/2023,0,18,841,14209
01032,21/04/2023,0,29,1041,16969
01033,23/04/2023,0,13,812,14000
01034,26/04/2023,0,10,1009,16636
01035,28/04/2023,0,34,1271,18291
01036,30/04/2023,0,29,943,16992
01037,03/05/2023,0,20,1151,17973
01038,05/05/2023,0,14,1020,17752
01039,07/05/2023,0,20,1025,18130
01040,10/05/2023,0,26,1593,25476
01041,12/05/2023,0,44,1650,24317
01042,14/05/2023,0,18,1347,23862
